Precision Eye Definer, The Precision Liquid Liner, Mini Celestial Lip Gloss, Mini Celestial Lip Gloss Duo, Mini Foundation Balm, Mini Etherealist Skin Illuminating Foundation, Mini Stripped Nude Skin Tint, Mini Glass Glow™ Lip, Mini Foundation Brush
undefined
d-red daytime emulsion,multi-vitamin + retinol serum,hyper-vitalizer cream,20% vitamin C serum,phytocell cream,kombucha cleanser,vitamin C serum,earth hydrating phytelene cream with Chronocyclin™,hydra-repair intensive topical infusion capsules,vitamin C + retinol mask,protocell bio-active stem cell combat cream,sun SPF 50+ tinted,20% vitamin C serum,phytocell cream,kombucha cleanser,earth hydrating phytelene cream with Chronocyclin™,hydra-repair intensive topical infusion capsules,vitamin C + retinol mask,SALVATION SERUM®,BLEND™,hyper-vitalizer eye cream,at-home facial peel + clarifying kit
undefined
Elderberry, Vitamin C + Zinc, Krill Oil, Caplique®, Fish Oil, Triple-Strength Omega-3, Vitamin D3, Organic Turmeric + Ginger, Organic Coconut Flour, Maca Powder, Joint Support, Organic Pumpkin Seeds
Original Blue Vanilla Makeup Brush Cleaner, Tropical Lemon Makeup Brush Cleaner, All-Natural Vegan Brush & Blender Soap, Break It Down Waterproof Makeup Remover, Cinema Secrets Brush Bag, Black, SPIRIT GUM & REMOVER COMBO, #16 Nylon Flat Utility Brush, Blood Gel, 8 oz, Woochie Brush Set, Liquid Latex, Flesh, 1oz, FX Accessory Kit, Glass Attack EZ FX Kit (Peel & Stick), Blood Gel 1oz, Broken Bone EZ FX Kit (Peel & Stick), Blood Gel, 2 oz, PRECUT MAKEUP SPONGE (8 WEDGE), BLACK STIPPLE SPONGE - BLOCK, Injury 3D FX Kit (Peel & Stick), UNDEAD PURPLE - WATER ACTIVATED M/U - .1 OZ, Purple Shimmer Body Crayon
Collagen Whey Protein,Everyday Plant Protein,Everyday Whey Protein,Isolate-Only Whey Protein,Lean Plant Protein,Lean Whey Protein,Performance Whey Protein
Cream Concealer,BB Powder,Lip and Cheek,Eyeshadow Duos,Powder Blush,Lip Glaze,3-in-1 Brow BFF,Bronzing Balm,Starter Stak,Starter Stak Deluxe,4-Piece Brush Set,Dual-Ended Face Brush,Retractable Lip Brush,Stak Brush BFF,Subtl Cosmetic Bag,Dry Brush Cleaner,Tools Bundle,BB Powder Refill,Cream Concealer Refill,Concealer Refill Bundle | 2 Pack
Active Botanical Serum®, Active Treatment Essence®, Active Renewal Cleanser®, Collector’s Edition Active Botanical Serum, Understory Vol. 3, Founder’s Reserve, Modern Heirloom Scarf, Understory Vol. 2, The Signature Set
undefined
Silva Life System, Silva Intuition System, Silva Mastery System, Basic Lecture Series(BLS), Books
undefined
undefined
undefined
Recovery Protein, Metabolism Protein, GLP-1 Protein, Sleep Gummies, Energy Gummies
D.N.A. Scalp Serum, H.A.P.I. Shampoo, Sienna Sampler Set, H.A.P.I. Scalp = Happy Hair Ritual, Dream Curl Gelée, Dew Magic Leave-In Conditioner, Dream Curl Cream, Plant Power Repair Mask, Wash Day Duo, Untangled Conditioner, Curl Elixir Conditioning Spray, Daily Elixir Scalp Oil, Lock & Seal Anti-Breakage Oil, Dream Curl Mousse
Sun Struck Tanning Face Drops – Classic,Summer Skin - Classic,Summer Skin - Deep,Summer Skin - Sculpting,Summer Nights Skin Tint,Sun Struck Tanning Face Drops – Bronze,Face Brush,On Holiday - Classic,Tall Pour Sculpting Body Cream,Tall Pour Conditioning Body Cream,Nude Beach Exfoliating Body Polish,Dripping In Opulence Shower Oil,Mommy Makeover,Iced Latte Eye Mask,The Cream,The Cleansing Balm,The Polish,Triple Espresso,Smoothing Lip Tint,Beauty Balm Illuminating Stick
Complete Air Dry Volumizing Wave Spray, Effortless Curls & Waves Set, Quick & Easy Bestsellers Set, Complete Air Dry Cream, Complete Air Dry Cream Jumbo, Repair & Shine Essentials Trio, Revive Rapid Repair Bond Gloss, Start to Finish Bestsellers Set, Wash Day Your Way Set, Treat. Style. Slay. Set, Complete Instant Recovery Serum, Complete Leave-In Conditioning Mist, Complete Pre-Wash Scalp Oil, Clarify & Amplify Set, Perfèct Style Trio, Complete Blowout Styling Milk, Perfèct StyleFix Stick, Perfèct The Essential Dry Shampoo, Perfèct FlexHold Strengthening Hairspray, Soothe & Nourish Styling Routine
undefined
holi (mane) marine collagen peptides and pearl hair, skin, nails, 2 daily supplements combined, the holi (mane) 3 month hair skin and nails marine collagen peptides and pearl supplement, holi (radiance) MSM & ceramides for gut integrity, glutathione & collagen support, holi (growth) 84 leave-in hair growth scalp spray with redensyl, copper GHK-Cu, spermidine, holi (oil) refining ageless face serum, body (balm) ageless body treatment crème, the holi (trinity) 3-step starter kit travel size, holi (sun) spf 50 dewy tinted skin drops, holi (lash) growth mascara, the lash growth duo
Eye Renew Complex, HYDRI-C Daily Vitamin C Moisturizer, RetaXome Daily Retinal Hydrator, HYACYN ACTIVE, VIVID Brightening Serum, ENCORE Body Hydrator, Restorative HA Serum, Renewing HA Serum, LUXE Lip Hydrator, Restorative HA+ Masque, PRELUDE Facial Treatment Cleanser
Classic Clean Shampoo,Re:GRO Anti-Thinning Shampoo,Glow Oil Body Wash,Deep Repair Hair Mask,Re:GRO Anti-Thinning Conditioner,Classic Clean Conditioner,Super Moisture Conditioner,Classic Clean Shampoo & Conditioner Set,Re:GRO Scalp Serum Trio,Super Moisture Shampoo & Conditioner Set,Best Seller Bundle,Classic Clean Collection,Leave-In Conditioner & Detangler,Dream Curl Cream,Daily Vitamin Hair Styler,Dream Curl Collection,Dream Curl Conditioner,Dream Curl Shampoo,Sensitive Scalp & Body Collection,Sensitive Skin Body Wash
Lip Liner Stay-N®, Eyeshadow STAY-N®, Liquid Glow STAY-N®, Cheek STAY-N®, Eyeliner STAY-N®, Brow & Freckle STAY-N®, Contour STAY-N®, Doubledown lip definer™, Lip Liner Stay-N® Bestseller Bundle, Cheek STAY-N® Duo, MIX + MATCH EYE-CONS TRIO, EYE-conic DUOs, STAY-N® Essentials Bundle, STAY-N® Chic Bundle, Cheek & Lip STAY-N® TRIO, SARAH'S ALL DAY GLAM SET
Leave-In Conditioner, Hydration Shampoo, Medium Conditioner, Curl Gel, Curl Mousse, Indigo Rain Strong Hold Gel, Gift Card, Moisture Milk
Luxe Research Color Changing Foundation (V2 IMPROVED), Luxe Lashlift Set (+ Free Tint Set), Luxe Tint Set, Luxe Eyelash Growth Serum, Luxe Adhesive, Luxe Brow Lamination Kit
ECHO Flask Hydrogen Water Bottle, Hydrogen Prebiotic Drink Mix (30-pack), ECHO Forty, ECHO One, ECHO Revive Hydrogen Bath Water Machine, ECHO Refresh Hydrogen Inhalation Machine, ECHO Ultimate™ Hydrogen Water Machine, Echo Machine Replacement Filter, Echo Cleaning Cartridge, ECHO H2® Hydrogen Water Machine
Hydrating Facial Cleanser, Age-Defying Peptide Serum, Rejuvenating Moisturizer, Phyto AOX Facial Oil N°10 with Exposome Defense Technology, Radiance Renewal Eye Cream
WLP-1: Oral GLP-1 Support, Ultimate Weight Management Stack, Daily Basics Stack, Summer Ready Stack, Restore, Calm, Sleep, Energy, Berberine, Vitamin D3+K2, Curcumin, Magnesium Glycinate, Advanced Sleep & Recovery Stack, Hormone + Metabolism Stack, Calm + Magnesium Stack
not found
The Brick
To Glow Greens, To Glow Greens Matcha Powder, To Glow Greens Serum, To Glow Greens - The Duo
Complete MAYLÁN Skincare Line
SSAV CAPSULES (Super-Strength Aloe Vera Capsules) - (180 Capsules), Human Bioidentical Lactoferrin + Aloe Vera for Menopause Support (30 Capsules), Heather's UTI Defense - Calluna Vulgaris - NEW, B-COMPLEX - without B6 - (90 Capsules), MULTI-VITAMIN - Low Acid - Without B6 - (90 Capsules), RELÉVEUM® - Skin Repair Cream, ALOE GLIDE® - Vaginal Lubricant - (8oz & 16oz), QUERCETIN - (90 Capsules), ALOE VERA GELÉ - Skin Hydration - (8oz & 16oz) - BACKORDER, VULVA & BODY BALM - (8oz), ALOE REBALANCE® - Feminine Wash - (8oz & 16oz), ALOE FRESH® - Personal Towelettes - (12 or 36 Packs), APPLICATORS - (Pack of 5), PROBIOTIC 1 Billion CFU - (90 Capsules), BUFFERED VITAMIN C - (90 Capsules), CALCIUM & VITAMIN D3 - (90 Capsules), CALCIUM GLYCEROPHOSPHATE - (120 Capsules), MAGNESIUM - (160 Capsules), LION'S MANE MUSHROOM - (90 Capsules), LUNATION® - Life-Proof Underwear
not found
AminoZorb Elite 21,Karbolyn Fuel,Kre-Alkalyn EFX,Lean Fix Xtreme,VitaDrive
undefined
undefined
CANN - Hi Boys - Lemon Lavender - Drinks - 4pk - 20mg, CANN - Hi Boys - Blood Orange Cardamom - Beverages - 4pk - 20mg, CANN - Grapefruit Rosemary - 2mg - Drinks - 6pk, Cannabis Quencher - Strawberry Lemonade - 16oz - 100mg, Cannabis Quencher - Shot - Wildberry Guava Agua Fresca - Beverages - 2.2oz, Cannabis Quencher - Shot - Nighttime Berry & Lime CBN - Beverages - 2.2oz, Cannabis Quencher - Old Fashioned Lemonade - Drinks - 16oz - 100mg, Cannabis Quencher - Lemonade - Ice Tea Mango - 16oz - 100mg, Cannabis Quencher - Lemonade - Blackberry & Lime - 16oz - 100mg, Cannabis Quencher - Agua Fresca - Watermelon - 16oz - 100mg, CANN - Hi Boys - Grapefruit Rosemary - Beverages - 4pk, Heavy Hitters - Lights On Elixir - Kiwi Melon - Beverages - 100mg, Lagunitas - HiFi Sessions - Hoppy Chill - 4pk - 40mg, Lagunitas - HiFi Sessions - Hoppy Chill - 12oz - 10mg, Lagunitas - HiFi Sessions - CloudBerry - 12oz - Beverages - 10mgTHC, Keef - Xtreme Soda - Original Cola - Beverages - 100mg, Keef - Xtreme Soda - Orange Kush - 12oz - 100mg, Keef - Xtreme Soda - Bubba Kush Root Beer - Beverages - 100mg, Not Your Father's - Root Beer Soda - Beverages - 16oz - 100mg, Not Your Father's - Alpine Splash Soda Caffine - Beverages - 16oz - 100mg
not found
Altos Off White, Altos Graphite, Altos Dark Green, Altos
Fold Out Face® Refillable Makeup Palette, The Eye Edit: Afterglow, The Lip Sitch, The Fragrance Discovery Kit with Rosestone™️, The Brush Edit, The Jetsetter Complete Makeup Kit, Fold Out Complexion®, The Corner Brush Eye Stamper®, The Arc Brush™, Eye Detailer Brush, The Essential Eye Brush, The Eyeliner Wheel, Even Eye Stencils, Mascara Shield, The Essential Makeup Brush Set, Complexion & Body Brush, The Secret Brush, The Essential Blush & Blend Brush, The Essential Contour Brush, The Essential Concealer Brush
Discount Gift Box, The Eternal Value Bundle, The Eternal Elite Set, Sample Pack of 10 + 4 Free, Mystery Box, Sample Pack of 5 + 2 Free, Sweet Luxury, Sandalwood Dream, Pear Pressure, Harmony & Havoc, Cigars & Icecream, Maxim, Eternal oud, Sicilian Blood Orange, Marvell, Old Money Apple Pie, Sour Spicy Cherry, Neroli Summer, Incense Oud, Stoic Leather
undefined
Vacation, Retreat, Double
undefined
not found
DISCOTHÈQUE EAUX DE PARFUM, 50ML, THE DISCOVERY SET OF 8, BUILD-YOUR-OWN SET OF 5, BODY HEAT, LOLA AT COAT CHECK, BAISE MOI ON THE DANCEFLOOR, EYE CONTACT, HEATHENS, COWBOYS AND THE SANTA ANA WINDS, DARK IMAGINATION, DISCOTHÈQUE CANDLES, 220G, REMEZZO, CRISCO DISCO, LA GROTTA, HACIENDA, PARADISE GARAGE, KINKY G, FLAMING COLOSSUS, MUDD CLUB, UPSTAIRS, MILK!, '70s TRIO, '80s TRIO, '90s TRIO, TIMELESS SET OF 9, ALL NIGHT UNTIL FIRST LIGHT, CALL FOR A GOOD TIME, SWEAT, TEARS, PARADISE
Artist Blush Matte, 212 Pencil Sharpener, 305 Contour Blender, 949 Eyelash Curler, Angled Blush Brush 564, Duet Fan Brush 941, Dome Shader Brush 356, Blush Brush 563, Duet Stippling Brush 951, Beyond Mineral Foundation, Daring Lash Mascara, Angled Shader Brush 357, Dome Powder Brush 546, Blush Glitter, Cream Highlighter
Clinically Tested Hair Growth Vitamins for Women – Advanced Supplement System – 2 Month Supply Kit,Keratin Strengthening Hair Mask Deep Conditioner For Thin Brittle Hair,Keratin Strengthening Hair Serum With Heat Protection For Frizzy Dry Damaged Hair
15 Cm E0 Particleboard Pitted Surface 1 Door 2 Drawers 3 Layers Rack With Legs Hairdressing Cabinet With Lock And Mirror Salon Cabinet White, 3 Sections Folding Aluminum Tube SPA Bodybuilding Massage Table Kit Black, 3 VEGAN Blush & Foundation Brushes (buy Individually Or As A Set) #AT199, 3' x 4' Beauty Salon PU Half Round Anti-fatigue Mat Salon Mat Black, Skin Care - Cosmetic - Treatment Brush #SB8C, Cosmetic Angular Shadow Liner White #5N, Treatment Mask/Foundation Flat #38ANSQ, VEGAN Brush Set (also sold individually), VEGAN Individual Brushes (also sold as a set) #VBS, Combination Spa & Salon Starter Kit SSK (363 pcs), Esthetician Starter Kit (322 pcs) #XSK, Esthetician starter Kit #XLK (322 pcs), Cosmetic Starter Kit CSK (12 pcs), Disposable Face Mask
lifestinks® deodorant, lifestings® camping (spray or lotion), SmartSoak®, Save On Sets
Home Facial Kit, Double Cleanse Kit, Gold Vital C3 Bright & Light 1oz, Night & Day Clear Renewal Bundle, Creme De Soleil SPF 30 Moisturizer 3.3 Oz, Hyaluronic Velvet Cocktail Moisture Surge 2 oz, Satin Pillowcase (Blue), Peptide Lift & Firm 1.7 oz, Retinol Renewal Anti-Wrinkle Night Serum, Exfoliating Enzyme Scrub 4 Oz, Cucumber Cooler Soothing Toner 8 Oz, Ooh La La Lavender Hydrant Toner, Creme De La Creme Hydrant Cleanser, AHA BHA Exfoliant Cleanser, Born Firm Anti-Aging Moisturizer, Born Clear Oil-Control Light Moisturizer, Radiant Vital C SPF 30 1.7oz, Super Firm Anti-Aging Eye & Throat Creme, Advanced Stem Cell Age-Delay Serum, Azulen Hand and Body Oil
30% Pure Seaweed Body Scrub. Crushed Laminaria, Bladderwrack, and Chlorophyllin for washing, cleansing, and nourishing. Detoxify and rejuvenate for velvety ski, Cellulite Reduction Anti-Aging Natural Seaweed Patches Fortified With Caffeine And Retinol, Combat Sagging, Body Fat Deposits, Dried Kelp for Spa-Worthy Body Wraps, 5 Oz Pack, Live Seaweed Anti-Aging Face Mask. Unisex. Made in NYC. Rejuvenation, reduces wrinkles, lifting effect, deeply moisturizing, nourishing, and reduces inflammation, Live Seaweed Anti-Cellulite Mask. Algae Extract, Caffeine, and Vitamins. Skin Smoothing and Body Contouring. Effective Detox and Rejuvenation, Muscles Revitalizer, Seaweed Extract and Essential Oils, Seaweed Bioferment Facial Day Cream - Anti-Aging, Vitamin-Rich & Lightweight Advanced Science-Backed Formula for Glowing Skin, Seaweed Firming Body Wrapping for Anti-Aging, Anti-Sagging, Whole Wet Leaves Provide Fat Lifting and Detox, Seaweed Kelp Dried Whole Leaves For Body Wraps. Cellulite Treatment and Rejuvenation. 2 lb Pack For Spa And Home Use, Seaweed Under-Eye Patches, Stretch Marks Remover & Tighten Skin Whole Seaweed Leaves Body Wrap With Marine Collagen, Gotu Kola, Niacinamide, and Vitamin C, Ultimate Body Contouring Seaweed Wrap Infused With A Double-Dose Blend Of Retinol, Ceramide, Caffeine, and Vitamin C, Whole Kelp Leaf Anti-Cellulite Body Wrap with Retinol and Caffeine
Aquarius Soap, Lime Mojito Soap, Pear Cider Soap, Pink Lemonade Soap, Strawberry Daquiri Soap, Watermelon Slush Soap, Paloma Soap, Prince Edward Island Soap, Travel Soaps, Himalayan Salt Soap, Cucumber (Fragrance) Soap, Body Butter, Dirty Boy Scrub Soap, Cranberry & Vanilla Foaming Hand Soap, Bug Bite Balm, Shea Soap, Bath Bomb Case, Orange zest soap, Powder Fresh natural deodorant
IMMUNE SUPPLEMENT, ADVANCED WEIGHT LOSS SUPPLEMENT, BLOOD PRESSURE SUPPLEMENT, BLOOD SUGAR SUPPLEMENT, Depression & Anxiety Support, VITAMIN D3 SUPPLEMENT
not found
undefined
Untamed Texture Spray
24k Monoï Oil, Press-On Nail Boxes, Barb Pink Ombré Liner Brushes, 12-Grid Coloured Rhinestones, Boo Ghosts, Hello Kitty Charm Storage Box, Lace Transfer Decal, Purple Ombré Slim Carbide Drill Bit, Luxe Gift Card
Muskoka Aesthetics Gift Card,Dermaquest - SheerZinc SPF 30 Tinted Moisturizer,Coola Dew Good Illuminating Serum Sunscreen,Coola SPF 30 - Sunscreen,Coola Hydrating Sunscreen Lotion - Guava Mango Scent,Coola Mineral Face SPF 30 - Matte Cucumber - Lotion 50ml,Coola - Classic Face Mist SPF 50,Refreshing Water Cream Organic Face Sunscreen SPF 50,Classic Body SPF 50 Fragrance Free Lotion (148ml/5oz),Sun Silk Drops Organic Face Sunscreen SPF 30,Coola Classic Face SPF 50 - Fragrance Free - Cream 50ml,Coola Mineral Liplux - SPF 30,Coola Classic SPF 30 Makeup Setting Spray 44 ml,Coola ER + Radical Recovery After-Sun Lotion
Curcumin C3 Complex®, Dopa 400, NiLitis® SR, LactoSpore® ES, Memory Health, CurCousin™, LivLonga®, Skin, Hair & Nails Health, Super Curcumin C3 Complex® w/BioPerine® (1000mg), Curcuminoids, Boswellin® & Curcumin C3 Complex®, Curcumin C3 Reduct®, Curcumin C3 Complex® w/BioPerine® (500mg), Bone Health, Immunity Health, Bacopin®
Flower, Prerolls, Vapes, Edibles, Concentrates, Topicals, Tinctures
undefined
lotion bar with case,Lavender hand & body wash & lotion gift set (glass),Turquoise Anklet | Protection, Dispels Negativity & Enhances Intuition | Earth Collection,hand & body wash | lemongrass burst,Bubbles | Liquid Dish Soap,Lapis Lazuli Bracelet | Wisdom & Truth | Earth Collection,oral fix | peppermint charcoal toothpaste tabs,Crystal Moon | Hand & Body Lotion,three bluebirds // Swedish dishcloths,Bamboo & Silicone Scalp Massage Brush,smr | Pearl Necklace | Earth Collection,inspirational palm stones & crystals,rose quartz crystal hearts,Calcite optical cube quartz,Malachite Bracelet | Protection, Harmony & Abundance| Earth Collection
not found
BBL Hero By Sciton, Moxi by Sciton, SKINTYTE BY SCITON, Accufit by Lutronic, Forever Clear BBL by Sciton, Light-Based Hair Reduction, Permanent Makeup, Revision Skincare
undefined
Olea Cleansing Gel, Micro Exfoliant, Radiance Mask, Balancing Essence, Olea Cream, The Infinite Kit, Infinite Beauty Tote, Lumina Glow & Lift Sheet Mask
undefined
CoolHer™ Magnesium Glycinate Gummies, Cooling comfort — whenever a hot flash hits, Cooling Wipes for Hot Flashes (20 Individually Wrapped), Hot flashes & night sweats don’t have to control your day, CoolHer™ Black Cohosh Monthly Subscription
Hydro Cool Firming Eye Gels, Dissolving Microneedle Eye Patches, Glacial Face Wash - 5 Fl.oz., Antidote Cooling Daily Lotion - 1.69 fl.oz, Nordic Skin Peel - 60 pads, The Deep Hydration Bundle, The Skin Longevity Bundle, The Glow Boost Bundle, Face-Lift in-a-Bag, The 24-Hour Eye Rescue Duo, The Clear Skin Bundle, The Overnight Eye Reset Duo, The Morning Eye Refresh Duo, Brightening Eye Serum
undefined
Eyeshadow 101 Crème-to-Powder Eyeshadow Stick, It’s Balm Full Coverage Lip Crayon, Eyeshadow 101: Eye Color Enhancing Trio, When Pencil Met Gel All-Day Eyeliner, The Perfect Pair Duo, 6 PC Eyeshadow 101 Crème-to-Powder Waterproof Eyeshadow Stick, It’s Balm Moisturizing Lip Color Trios, Length Matters Mascara, Skip the Brush 2-in-1 Color Stick for Cheeks and Lips, 24/7 Shea Butter Balm Lip Treatment, The All-in-One Hazel Eye Kit (Eyes, Lips, & Cheeks), Effortless Icons Starter Kit (6PC), Brow 101 Waterproof Pencil + Tinted Gel, Eyeshadow 101 Stick Duos, 90s Lip Kit, Vitamin E Hydrating Cleansing Oil + Makeup Remover, Around the Clock Lip Trio, Charcoal Konjac Face Sponge Exfoliating Cleansing Tool, Pimple Patches + Vitamin E Hydrating Cleansing Oil, 24/7 Lip Treatment Nourishing Mask + Exfoliating Scrub
undefined
Back on Track USA Gift Card, Bark Reflective All-Around Dog Coat, Bay Mesh Dog Coat, Buddy Mesh Long Dog Coat, Cool on Track® Cooling Bandana, Cool on Track® Cooling Dog Coat, Cool on Track® Cooling Towel, Deep Nights Dog Coat, Dixie Dog Hock Brace, Dog Bed Liner, Draco High Visibility Bandana for Dogs, Eddie High Visibility Reflective Orange Jumper for Dogs, Western Saddle Pad Liner, Maddox Western Saddle Pad, Gentle Touch Western Straight Cinch, Gentle Touch Western Roper Cinch, Strapz Ankle Support, Strapz Knee Support, Strapz Shoulder Support, Teide Men's Heated Vest
Performance Set, The Essentials, Protection Pack, Back Brace Smart Sleeve, Hydra Skincare Collection, HydraSurge Radiance Duo, Radiant Reveal Hydra Exfoliator, Hydra Renew Night Repair, Hydra-Renew Cleanser, HydraSurge Radiance Fluid, HydraSurge Radiance Serum, i-H2O Activation System, Hydra-Renew Mist, i-Thrive, Cell Guard – Sliver
Flower, Pre-Rolls, Vape, Extract
not found
Turmeric Glow Foaming Cleanser, Turmeric Brightening & Exfoliating Scrub + Mask, Noni Glow Face Oil, Plant Stem Cell Retinol Alternative Serum, Active Algae Calming Cleansing Balm, Noni Radiant Eye Oil, Turmeric Glow Moisturizer, Kakadu Plum Vitamin C Serum, Turmeric Glow Drops Niacinamide Alternative Serum, Plant Stem Cell Retinol Alternative Moisturizer, Kakadu Plum Vitamin C Eye Cream, Active Algae Minty Mist, Milky Mushroom Ultra-Hydrating Mask, Noni Glow Body Oil, Build Your Own Full Size Bundle, Build Your Own Mini Bundle, Best Sellers Trio, Silky Sun Drops Protection Serum SPF 15, The Best Sellers Bundle, Serum Stash
Facial Cleanser, LifeCell All-In-One Anti-Aging Cream, Neck Firming Serum, Anti-Aging Eye Cream
Shine Bright Serum, Timeless Skin Retinol Cream, Let it Sun SPF 50 + Sunscreen, Age Rewind Retinol Serum, Coffee Break Eye Cream, PHAbulous chemical exfoliant, Sun Drop SPF 50+ Sunscreen Oil, Post Workout Gel Mask, Face Reset Cleanser, C Bomb Vitamin C Moisturizer, B5 Bomb Pro Vit B5 Moisturizer, Spotless Kit, Mom’s Glow – Night Kit, Day to Night Essentials Kit, 1,2,3 Exfoliation Routine, Essential Exfoliation Morning, Full Essential Exfoliation Morning, Spring Kit
Poppy & Ivy 5D Darling Lashes, Perfect Pair Lip Duo, Super Slim Brow Pencil, Waterproof Gel Eyeliner, Waterproof Gel Lip Liner, 2-in-1 Foundation + Concealer, Pro Ink Eyeliner, Glide & Glam Gel Eyeliner, Freshly Bitten Gloss Collection, 5D Darling Lashes - 3 Pairs, 5D Darling Lashes - 4 Pairs, Full Cover Liquid Matte Foundation, 3D Cover Concealer, Black Out 24 HR Eyeliner, Match Maker Jelly, Prolong Setting Spray, Off the Wing Accent Lashes, HD Flawless Fluid Foundation, 2-in-1 Brow Perfecter
"Megababe x Social Goods ""I'm Not Fine"" T-shirt, Megababe x Social Goods Baseball Hat, Thigh Rescue Anti-Friction Stick, Thigh Rescue Gel, Thigh Rescue Anti-Friction Stick Mini, Happy Pits Underarm Mask, The Glow Deo Daily Deodorant, Quick Shave"
ALOE VERA GEL, INTIMATE CARE, Hot and Cold Gel, ALOE VERA HYDRONUTRITIVE ANTI-AGEING CREAM, ALOE VERA MOISTURIZING FACE CREAM, Afterburn, Moisturizing Cream SPF15, Aloe Vera Gel Tube, Magic Oil Hair and Skin Care, Magic Mask Hair Superfood, Magic Shampoo Cleansing and Balance, ALOE VERA STICK LABIAL SPF 15
undefined
undefined
Tangerine & Vanilla | Deep Moisturizing Lotion Bar,Tonka Bean & Coconut | Deep Moisturizing Lotion Bar,Sun Stone | After Sun Balm & Lotion Bar,The Bug Balm | All-Natural Insect Repellent,Daily Stone | Deep Moisturizing Lotion Bar,Grounding Stone | Deep Moisturizing Lotion Bar,Sleep Stone | Deep Moisturizing Lotion Bar,Sex Stone | Sensual Massage & Intimacy Oil,The Scent Discovery Set,The Everywhere Stick
Rich Rinse, Splash Salve, Shower Scarf Italian Tile, The Fatty, Water Balm, Cocoon Cleanse, Shave Pillow, Splash Salve Fragrance-Free, Good Aura, The Works, Dry Skin Rescue, The Rich Shower Duo, The Swipe Set, The Shower Edit, Hydration Essentials, The Frequent Flyers, Shave Set, Cocoon Cleanse 4-Pack, Daily Shower Duo, Danielle's Hydration Essentials, Pebble Dish
Youth Activating Melon Serum, Anti-Aging Day Crème Broad Spectrum SPF 30 Sunscreen, Age Recovery Night Crème with Melon Extract & Retinol, Lifting Eye Creme, Skin Softening Gentle Cleanser, Skin Brightening Décolleté and Neck Treatment Broad Spectrum SPF 15 Sunscreen, Glowing Serum, Firming and Tightening Body Hydration Treatment, Brightening and Smoothing Luxe Body Cleanser, Contouring and Lifting Neck and Jawline Serum, 7-Piece Deluxe Face & Neck Skincare System, 6-Piece Deluxe Face & Bodycare System
GYM WEED Athletic Focus
Daily Tablets, Huppy Toothpaste Tablets 4 Month Supply, Huppy Mouthwash Tablet Tin
colorwand,deepdive colorpot,dott,stencil pack,tape
RICH Luxury Beard Oil 1 fl.oz.,RICH Intense Moisture Shampoo 8.45 fl.oz.,RICH Intense Moisture Conditioner 6.75 fl.oz.,RICH Argan Curl Enhancing Cream 4.05 fl.oz.,RICH Argan De-Frizz & Shine Mist 1.69 fl.oz.,RICH Detangling Hairbrush – Golden Glamour,RICH Detangling Hairbrush – Silver Sparkle,RICH Rejuvenating Argan Oil Elixir 2.3 fl.oz.,RICH Silk Oil Serum 2 fl.oz.,RICH Travel in Luxury Set,RICH Ultimate Moisture Hair Mask 8.45 fl.oz.,RICH Argan Curl Enhancing Cream 4.05 fl.oz.,RICH Rejuvenating Argan Oil Elixir 2.3 fl.oz.,RICH Intense Moisture Shampoo 8.45 fl.oz.,RICH Intense Moisture Shampoo 25.36 fl.oz.,RICH Intense Moisture Conditioner 25.36 fl.oz.,RICH Silk Oil Serum 2 fl.oz.,RICH Rejuvenating Argan Oil Elixir 1 fl.oz.,RICH Travel in Luxury Set,RICH Intense Moisture Shampoo 1.7 fl.oz.
Aphrodite's Glamour Bundle, Drunken Flush High Point Blush, Facing the Sun High Point Blush, Journey to the Underworld Bundle, Narcissus Beauty E-Gift Card, Narcissus Eyeshadow Palette, River Styx High Point Blush, The High Point Blush Bundle, The Party Ritual Bundle, Venusian Rose High Point Blush
undefined
Magic Is In The Hair Gift Box, Brushes, Hair Bands, Claw Clips, Kits & Bundles
undefined
Signature, Grand Cru, Aniversario, Millennium, Puro Dominicano, Escurio 10th Anniversary, Escurio, Nicaragua, Yamasa, «The Original Series», «The Late Hour Series», Limited Edition 2025, Year of the Horse, Year of the Snake, Year of Collector's, Year of the Dragon, Davidoff Chefs Edition 2025, Winston Churchill Limited Edition 2025, Grand Cru Diademas Finas Limited Edition, Maduro Limited Edition
Vitamin C Pro-Collagen Serum, Retinol + Peptide Refining Serum, Multi-Lipid Replenishing Moisturizer, PolyPeptide Firming Serum, Retinol + AOX Renewal Cream, Rejuvenation Duo, Skin Vitamins, Firm + Hydrate, Hyaluronic Acid + Peptide Serum
CLASSIC | chiller pro bundle, FOCUS | red light panel, BARREL | chiller pro bundle, PRO | plunge lite, PRO | plunge, HYBRID | Dual Heat Sauna, XTREME | outdoor sauna, POD | infrared sauna, PRO | outdoor sauna, POD | infrared corner sauna
undefined
tint & PROTECT SPF 50+, prime & PROTECT SPF 30+, blush & PROTECT SPF 50+, conceal & PROTECT SPF 50+, flush & PROTECT SPF 45+ powder blush, The Complexion Brush, GLOW & PROTECT, THE MULTITASKER BRUSH
Vitamin C Radiance Pads,24K Gold V-Line Lifting Mask 20 PCS,Hyaluronic Acid V-line Lifting Mask 10 PCS,Hair Growth & Thickness Serum,Glycolic Acid Exfoliating Pads,Instant Eye Smoother Balm,Glycolic Acid Pads 80 PCS,12% Niacinamide Smooth & Glow Pads,Leave-In Mask for Dry & Damaged Hair,4-in-1 Hair Growth Spray,Pro-Retinol Neck Lifting Cream Massager,Face & Body Serum for Dark Spots,Eye Patches for Puffy Eyes Gift,Hydrogel Collagen Face Mask,Keratin Mask for Damaged Hair,Oil Capsules For Frizzy Hair,Lash & Brow Growth Serum,Retinol Lifting & Firming Face Cream,Heat Styling Protective Hair Spray,All-In-One Deep Conditioning Hair Mask
PDRN Stay Shine Lipstick,Liquid Blush Serum,2 IN 1 Highlighter Contour Palette,Cushion Matte Lock Lip Cream,Mini Makeup Palette,Glow Blush Swirl,Dual-Color Gel Eyeliner Pencil,3D Curling Eyelash Iron Mascara,Portable Facial Palette,Ice Watery Lip Gloss,Ultra-Fine Liquid Eyeliner,Peel Off Stain and Plumping Oil Duo,Setting Spray Dewy,Brightening Concealer Liquid,Soft Matte Lip Liner,Dual-Ended Contour Stick,Freckle & Blush Duo,Pudding Bouncy Blush,Silky Matte Lip Ink,Glow Magnify Highlighter,Velvety Matte Long-Wear Powder,Gummy Plump Peptide Lip Oil
Copacabana Skin Radiance Bronzer, Flawless Matte Foundation, Malibu Radiant Skin Blush & Illuminator, Lash Builder Growth Serum, Healthy Lash Mascara, HD Bamboo Setting Powder, HD Bye Bye Shine Pressed Powder, HD Corrective Concealer, Youth Defense Foundation, Double Lash Mascara + Lash Serum, Crushed Foundation, Miracle 7 in 1 Primer, Perfect10 Primer, Acne Wash with Green Tea Extract, Tea Tree Cleansing Bar, Tea Tree Face Wash Foam, Exfoliating Hand Cleanser Bottle, Silicone Patch Cleanser, Tea Tree Clear Skin Pack, Tea Tree & Witch Hazel Toner
Karmin OnePass Straightening Comb, Karmin T70 Carbon Ceramic Cordless Hair Clippers, Karmin 3-Step Hair Repair System, Karmin 5 in 1 Wet and Dry Epilator/Shaver, Karmin G3 Straightener, Karmin G3 Salon Pro Ceramic Straightening Brush, Karmin Salon Pro Ionic Hair Dryer Brush, Luxy by Karmin 100% Pure Mulberry Silk Pillowcase, Karmin Silk Series IPL Hair Removal Handset, Karmin Satin Series IPL Hair Removal Handset, Karmin Salon Series Ultralight Professional Ionic Hair Dryer, Karmin Salon Series Professional Hair Straightener
undefined
undefined
"Ultimate Kids Year of Yoga Bundle,Spooky Halloween : Yoga Games and Activities for kids,12 Days of Christmas Yoga Cards,Winter Sequence Yoga Cards and Lesson Plans for Kids,Gratitude Journal Worksheet,Kid’s Gratitude Yoga Cards & Pose For Thanksgiving,Autumn Sequence Yoga Cards and Lesson Plans,Summer Sequence Yoga Cards and Lesson Plans,Spring Sequence Lesson Plans & Yoga Cards,Summer at the Beach Yoga Cards and Coloring Book,Autumn Yoga Coloring Pages,Autumn Sequence Yoga Cards,Gratitude Jar Coloring Page,Spring Sequence Yoga Cards,Gratitude Yoga Coloring Pages,Winter Sequence Yoga Cards For Kids,Winter Yoga Coloring Book,Holiday Coloring Pages,Holiday Thank You Cards Coloring Page,Printable Christmas Tree Coloring Page,Holiday Bundle,Cornucopia Coloring Page,Mindful Moments Printable Cards,Kid’s Sun Salutation Yoga Cards,Calming Yoga Cards for Kids,Mindful Moments Printable Cards,Spooky Halloween : Yoga Games and Activities for kids,12 Days of Christmas Yoga Cards,""The Napping House"" Literacy Integration Lesson Plan,Animal Adventure Yoga Cards For Kids,Love and Compassion Yoga Sequence for Tweens/Teens,Yoga Class Games,Winter Sequence Yoga Cards and Lesson Plans for Kids,Sun Salutation Poster,Roll the Dice Printable Yoga Game for Kids,Gratitude Journal Worksheet,Kid’s Gratitude Yoga Cards & Pose For Thanksgiving,Let’s Make Shapes! Yoga and Mindfulness,Autumn Sequence Yoga Cards and Lesson Plans,Summer Sequence Yoga Cards and Lesson Plans,Animal Yoga Adventure Book,Spring Sequence Lesson Plans & Yoga Cards,Yoga Coloring Printable Book,Bedtime Yoga Cards and Printable Coloring Book for Kids"
undefined
Classic Walker • White Leather, Taylor Trail Shoe • Grey Nubuck & Blue Mesh, Lily Sandal • White Leather, Grounding Sneaker • White Knit, Tatum Sandal • Red White Blue Knit, High-Top Trail Shoe • Jesse Brown Leather & Black Mesh, Pamela Lace-Up • Platinum Knit, Classic Walker Black Leather, Trail Shoe Dakota Khaki Nubuck & Crème Mesh, Grounding Slip-On Grey Bamboo Knit, Trail Shoe Taylor Grey Nubuck & Blue Mesh, Trail Shoe Jesse Brown Leather & Black Mesh, Trail Shoe Bailey Brown Leather & Crème Mesh, Grounding Sneaker • Black Knit, Grounding Sneaker • Navy Bamboo Knit, Walkers, Trail Shoes, Sneakers, Slip-Ons, Sandals
Creatine Monohydrate, Creatine Monohydrate (45 Single-Serve Stick Packs), Shaker Bottle, Custom Vitamin Packs, Collagen Liquid Single Serve Packs
undefined
undefined
Swype Shield
NAGA169 ON FIRE, NAGA169 GACOR, NAGA169 - Hey Kamu! Lagi Dicariin Kakek Zeus Nih Buruan
undefined
Xcel Team Tryouts, Winter Camp, Summer Camp
undefined
Colour Bath® — Red, Colour Bath® — Orange, Colour Bath® — Yellow, Colour Bath® — Green, Colour Bath® — Blue, Colour Bath® — Indigo, Colour Bath® — Violet, Therapeutic Blend Roll-On — Headache Relief, Therapeutic Blend Roll-On — Immune Booster, Therapeutic Blend Roll-On — Muscle Magic, Therapeutic Blend Roll-On — Anxiety Release, Therapeutic Blend Roll-On — Peace & Harmony, Therapeutic Blend Roll-On — Joy to the World, Therapeutic Blend Roll-On — Chi Energy, Medieval Thymes™ — Spray, Medieval Thymes™ — Roll-On, Medieval Thymes™ — Soap, Medieval Thymes™ — Blend, Medieval Thymes™ Kit, Medieval Thymes™ — Pure Mix
BNTC Serum C, Antioxidant Lash & Brow Serum, Beauty and the City Vegan Bronzer Tint, Beauty and the City Vegan Lengthening Mascara, Beauty and the City Vegan Face & Body Shimmer, Beauty and the City Lipliners
Mood Eau de Parfum 50ML, Mood Eau de Parfum Travel Spray, Luxe Discovery Set, Astro Discovery Set
not found
undefined
Health Smartwatch 4 Black,Health Smartwatch 4 Rose Gold,Silver Stainless Steel Band for Health Smartwatch 2,Black Stainless Steel Band for Health Smartwatch 2,Brown Leather Band for Health Smartwatch 2,Gold Stainless Steel Band for Health Smartwatch 2,Black Sport Band for Health Smartwatch 2,Pink Sport Band for Health Smartwatch 2,Blue Sport Band for Health Smartwatch 2,White Sport Band for Health Smartwatch 2,Blue Leather Band for Health Smartwatch 2,Red Sport Band for Health Smartwatch 2,White Leather Band for Health Smartwatch 2,Brown Sport Band for Health Smartwatch 2,Stainless Steel Band for Health Smartwatch 4 Black,Stainless Steel Band for Health Smartwatch 4 Rose Gold,Stainless Steel Band for Health Smartwatch 4 Silver,Stainless Steel Band for Health Smartwatch 4 Gold,Fitness Band for Health Smartwatch 4 Black,Fitness Band for Health Smartwatch 4 White
undefined
not found
The Oshun Bar
HolyLand Zeolite Cleanse, LiVitalize 28-in-1 Liver Support, ZeoForce Next-Level Full Body Detox
Life's Fortune Whole Food Multivitamin & Mineral, Advanced Energy Support Supplement, Tablets, Life's Energy Multivitamin, Whole Food Liquid Multivitamin & Mineral, for Women, Men, Teens, 32 oz, Liposomal Vitamin C 180 Vegetarian Capsules, Triple Strength Omega 3 Fish Oil 2500 mg, Life's Fortune Pure Icelandic Cod Liver Oil Liquid, Organic Lemon Flavor, Organic Turmeric Curcumin Vegetarian Capsules
undefined
Hair Extensions, Luxury Hair Packages, Head Spa + Scalp Massage, Spray Tan Services, Our Color Pricing Philosophy, On-Location Services, Salty Locks Luxury Hair Extensions, Instant Digital Gift Cards, Physical Gift Cards
Brightening Collagen Set, VitaGlow SkinCare Set, Revitalize Skincare Collection, Radiant Skincare Starter Kit, SkinSpoke: OxiProof COQ10 Essence, Ocean Deep Double Action Cleanser, SkinSpoke: Peptide-Rich Serum, SkinSpoke: Organic Skin Therapy Balm, SkinSpoke: Under The Radar Spot Treatment, SkinSpoke: Vitamin K-Pro Cream, SkinSpoke: Stem Renewal Smoothing Cream, SkinSpoke: Profusion Hyaluronic Serum, SkinSpoke: Perfectly Balanced Face Oil, SkinSpoke: Oxygen Release Serum, SkinSpoke: Organic Quinta C Serum, SkinSpoke: Organic Quinta C Moisturizer
Crabtree & Evelyn Classic Gardeners Hand Therapy ( Select Size ), Crabtree and Evelyn La Source Hand Therapy (Select Size), Crabtree & Evelyn Nantucket Briar® Ultra-Moisturising Hand Therapy 3.5 oz., Crabtree & Evelyn Lavender Hand Therapy 100g ( 3.5oz ), Crabtree & Evelyn Summer Hill Hand Therapy 100g ( 3.5oz ), Crabtree & Evelyn Rosewater Hand Therapy (Select Size), Floris London No. 89 Shaving Cream, Sachajuan Silver Shampoo, Sachajuan Moisturizing Shampoo, Sachajuan Silver Conditioner, Sachajuan Normalizing Shampoo, Sachajuan Normalizing Conditioner, Sachajuan Leave In Conditioner 250 ml, Sachajuan Intensive Repair Leave In Conditioner 150ml, SACHAJUAN Hairspray Strong Control 300 ml, Sachajuan Hairspray Light and Flexible (6.8 fl oz.), Sachajuan Thickening Conditioner, Sachajuan Ocean Mist Volume Conditioner, Sachajuan Silver Shampoo 7.4 oz, Rigaud Cypres Candle ( Select A Size ), Soap & Paper Factory Roland Pine Three-Wick Soy Candle 18 oz, Soap & Paper Factory Roland Pine Large Soy Candle, Soap & Paper Factory Roland Pine Home Fragrance Spray, Nest Holiday Classic Candle, Cereria Molla Bulgarian Rose & Oud Spray 3.4 fl oz, Soap & Paper Factory Roland Pine Votive Soy Candle, Nest Birchwood Pine Classic Candle, Soap & Paper Factory Roland Pine Large Tin Soy Candle 6 oz, Nest Holiday 3-Wick Candle 21.1 oz, Soap & Paper Factory Roland Pine Small Tin Soy Candle
InLei® Waxy Warmer | Professional Wax Pot, InLei® Professional Facial Wax Kit | Hard Wax, InLei® Expert Spare Pot | Waxy Warmer, Lycon® Lycopro Smart Mini Wax Heater | Digital Display | 550ml, Lycon® Lycopro Smart Mini Heater Insert – 500g Removable Wax Pot for Mini Heater, Lycon® Complete Professional Waxing Kit | Hard & Strip Wax System, Lycon® Professional Strip Waxing Kit | Smart Heater + Pre/Post Care, Lycon® Professional Hard Waxing Kit, Lycon® Lycopro Duo Wax Heater | Dual Hot & Strip Wax Warmer for Pros, Lycon® Pinkini Brazilian Wax Kit, Pre-Made Volume Lash Fans | 4D | XL Trays | C & D Curl, Pre-Made Volume Fans | 6D | XL Trays | C & D Curl, Pre-Made Volume Fans | 10D | XL Trays | C & D Curl, Pre Made Volume Fans | 12 D | XL Trays | C & D Curl, C Curl .03mm Cashmere Mink Lashes | Volume - Mega Volume | Pro Lash Line, CC Curl .03 Cashmere Mink Lashes -Pro Lash Line, D Curl .03 Cashmere Mink Lashes -Pro Lash Line, C Curl .05mm Cashmere Mink Lashes | Hybrid to Mega Volume | Pro Lash Line, CC Curl .05 Cashmere Mink Lashes -Pro Lash Line, D Curl .05 Cashmere Mink Lashes -Pro Lash Line
Advanced Eye Health and Vision Support,Ashwagandha with Black Pepper Capsules,Essential Daily Vitality: Premium Moringa Leaf Complex,Feel in Control of Your Energy All Day Long,Blood Sugar Support Supplement Capsules,Feel Light, Comfortable, and Regular Every Day,Colon Care Digestive Support Capsules,Move with Greater Ease Every Day,Turmeric with BioPerine Capsules,Mushroom 10X for Focus, Immunity & Daily Resilience,Liver Support Capsules,Premium Liver Support for Detox and Energy,Raspberry Ketone Capsules with African Mango & Green Tea,Neuro Plus Brain and Focus Capsules,Think Clearer and Perform Better Every Day,Vitamin D3 K2 Supplement for Bone & Heart Health
HYBRID Non-tinted SPF 45 Sunscreen, HYBRID Tinted SPF 50 Sunscreen, RENEW Body Retinol
Fragrance Oil Sampler, Trial Size Sampler, 360 Black (M) Fragrance Oil, Abercrombie & Fitch (M) Fragrance Oil, Acqua Di Gio (M) Fragrance Oil, Angel (M) Fragrance Oil, Aramis (M) Fragrance Oil, Armani Code (M) Fragrance Oil, Aventus (M) Fragrance Oil, Baccarat Rouge 540 (M) Fragrance Oil, Bad Boy (M) Fragrance Oil, Black (M) Fragrance Oil, Black Code (M) Fragrance Oil, Bleu de Chanel (M) Fragrance Oil, Blue Vanille (M) Fragrance Oil, Boss (M) Fragrance Oil, Burberry London (M) Fragrance Oil, Burberry Summer (M) Fragrance Oil, Burberry Touch Fragrance Oil, Carolina Herrera (M) Fragrance Oil
Melon Nourishing Moisturizer,Radiance Booster Serum,Stem Cellular Firming Moisturizer,Wrinkle Repair Serum,Anti-Aging Skin Care Set,Blemish Free Serum,Natural Scar Healing Clear Skin Bundle,Organic Oily Skin Bundle for Acne & Scars
Cut & Style, Formal Styling, Blowout (stying ), Sweet keratin treatment ( the only shampoo treatment with no formaldehyde), Cezanne Keratin Treatment (formaldehyde-free, free of Parabens and Phthalates), Schwarzkopf Essence Ammonia Free color, Tape in move up, Hair Treatments - Restorative Treatments, Balayage Highlights - Full Head, Permanent Color, Semi-permanent Color, Balayage Highlights - Partial, Highlights – Full Head, Highlights – Partial, Color Gloss, Corrective Color, Schawarzkopf 10-Minute Hair Color, Permanent Wave, Relaxing, Keratin Blowout
The New Classic Flat Iron, DC Dip Liquid - Top Gel - #4, BabylissPro LimitedFX Gold/Black Clipper and Trimmer Combo, BaBylissPRO SNAP FX Snap-in/Snap-out Dual Lithium Battery System---CLipper
Complete Longevity System – Welcome Pack,Daily Longevity Blend with Creatine,Daily Essential CoQ10 SoftGels,Recovery+ Evening Capsules,Coastline Premium Glass Shaker Bottle
"Brazilian Wavy Bundle,Brazilian Wavy Lace Closure,Indian Natural Wavy Bundle,Brazilian Wavy Lace Frontal (13x4"" & 13x6""),Peruvian Body Wave Bundle,Brazilian Straight Bundle,6 (six) Bundle Volume Deals,Four (4) Bundle Package Deals,Vanity Cloud Bonnet-Champagne,Vanity Cloud Bonnet-Fuchsia,Vanity Cloud Bonnet-Flirtini,Vanity Cloud Bonnet-Espresso,Body Bang (Clip In Bang),Vanity Vixen Body Brush,Forever Weft Sealer,V-4 Detangling Brush,V-7 Detangling Brush,V-Fuser,Rescue Me! Shampoo,Intense Repair CPR Conditioner,Body Boost Dry Shampoo,Moisture To the Max Leave-In,Curl Soufflé,Malaysian Curly Braiding Hair,Brazilian Wavy Braiding Hair"
SOAPROCKS, ACCESSORIES, SOAPROCKETTES, GIFTSETS, PALMSTONES, QUARRYBARS, PICTUREBARS
Blue Copper 5 Firming Elasticity Repair, Blue Copper 5 PRIME Face, Under Eye Rejuvenator, Blue Copper 5 PRIME Eye, Blue Copper 5 Prime Sleep Tight Mask, Blue Copper 5 Lip Plumper, Cream Extreme Intensive Repair, Blue Copper 5 Anti-Aging Body Lift, Nécolleté Age Reversal for Neck and Chest, Revive & Renew Cleanser, Rejuvenating Eye Gels, Eye Lash Enhancing Serum, Environmental Age Defense Moisture Cloud, Epsom Bath Salt, Glow Toner, Anti-Aging Super Serum, Retinol Serum, Hyaluronic Acid Serum, Vitamin C Serum, Blue Copper 5 PRIME Volumizing Conditioner
Soft Cloud Cleanser, Perfect 10 Serum, Miracle 7in1 Serum, Hello Bright Eyes, Calm & Radiant Skin Tint, Glow Biome Foundation, Duo Shadow Blender, Duo Fan Brush, Duo Eye Lip Brush, Travel Brush Set, Duo Foundation Brush, Lash Growth Serum, Sleep & Renew Serum, Halo Collagen Serum
PDRN 0.5% Essence Pad, Leaders PDRN 0.5% Ampoule Mist, PDRN 0.5% Lifting Mask, PDRN+ 2% Flat Eyebag Cream, LEADERS PDRN+ Rejuvenate Gel Mask, Pore Tightening Pad, Vita Blemish Pad, TECA Cooling Pad, Nutrition Ampoule Pad, Leaders Illuminating Skin Clinic Mask, Leaders Collagen Lifting Skin Renewal Mask, Leaders Aquaringer Skin Clinic Mask, Leaders Aloe Soothing Skin Renewal Mask, Leaders Vita Brightening Skin Renewal Mask, Leaders Wrinkle Tox Skin Clinic Mask, Leaders AC Clear Skin Clinic Mask, PDRN 5% Active Ampoule, PDRN Starter Bundle
CeraLift™, HydraGlo, CollaPure, Nutritress
Rose Petal Liquid Eyeshadow, Espresso 'Tini Lip Balm, Matcha Lip Balm, pH Collection, Girls Night Out: Espresso ’Tini Lip Balm Trio, Brew-tiful Trio: Espresso'Tini Beauty Bundle, Hydrating Lip Care Duo, Matcha Balm Trio, pH Balm & pH Cheeky Glaze Duo, pH Lip Liner, pH Cheeky Glaze Liquid Blush, Pretty in (pH) Pink Lip Duo, Very There Lip Oil, Pick Your Pour Espresso'Tini + Matcha Lip Balm Bundle, Flower Balm, Confetti Balm, Glimmer Balm, Watermelon Balm, Gem Balm, Rainbow Balm
not found
Salt Air, Pink Canyon Rollerball, Coconut Cove, Salt Air Rollerball, Pink Canyon, Boardwalk Delight Rollerball, Sunkissed Dahlia Rollerball, Lime Sands, Coconut Cove Rollerball, Boardwalk Delight, Lime Sands Rollerball, Sunkissed Dahlia, Boardwalk Delight Hair & Body Mist, Coconut Cove Hair & Body Mist
MyoLift™ QT Plus Facial Toning Device, MyoLift™ Mini Microcurrent Device, Myolift Mini Home Care Kit
Otherwhere, Pre + Probiotic, Debloat+, Skin Filter, Skin Hydrator, Magnesium Ease, Functional Fragrance, Us, Forest Lungs, Water Therapy, Growth Phase, Supa Thick, First Milk, Past Time, The Discovery Set, The Bestsellers, Nostalgia Layering Collection, Customize Your Ritual Set
Portrait Mode, Phantom Blur Lip Tint, Lip Mage Tinted Serum, Color Drops Serum Blush, So Soft Blush
XPT Rim-to-Rim-to-Rim,The Performance Breathing® Certification,The Performance Breathing® Coach Certification Renewal,The Apex Program by XPT,XPTLife® App 1-Year Membership,Limited Release T-Shirt #1,Limited Release T-Shirt #2,Limited Release T-Shirt #3,Women's Experience Tank,Women's Flowy Muscle Tank
Nuevasol Fragrance-Depositing Gloss Rinse For Hair
Cleansing Milk, Intensive Repair Balm, Quintessential Serum, Plant Milk Serum, Awakening Eye Gel, Epi-Peel
Honey Kit, Love Kit, Dramatic Kit, Natural Kit, Magnetic Eyeliner, Nano Bands, Baby Lash, Cheeky Lash, Happy Lash, Moody Lash, Sassy Lash, Wifey Lash, Sexy Lash, Classy Lash, Money Lash, Foxy Lash, Flashy Lash, Dolly Lash, Truffle Lash, Nutty Lash, Sunny Lash
Le Chouchou Mini Trio, Sunsuede, The Mark, Le Chouchou, Dew Dream, Milk Marvel, Cloud Cushion, Mami Wata
Neuromodulators, Filler, Skin
Barrier Bounce Bi-Phase Mist, Niacinamide Serum 12% Plus Zinc 2%, Vitamin C Complex Serum, Dew-Glow Moisturizer SPF 50, Multi-Peptide Advanced Serum, Multi-Peptide Moisturizer, Vitamin C Super Serum Plus, Multi-Peptide Eye Cream, Retinol Complex Serum, Plant Ceramide Rich Moisture Cream, Retinaldehyde Cream Serum 0.05%, Barrier Bounce Serum, Dew-Glow Tinted Moisturizer SPF 50+, Vitamin Bright Illuminating Eye Cream, Retinol Complex Cream, Retinaldehyde Cream Serum 0.10%, Niacinamide Serum 12% Plus Zinc 2% - Jumbo, Multi-Peptide Moisturizer - Jumbo, Glycolic Acid Resurfacing Gel 10%, Multi-Peptide Rich Cream
Good Reddance™ Instant Redness Corrector, All-in-Wonder™ Concealer + Foundation, MoistureWiser™, C-ing is Believing™ Vitamin C Serum, Total Skin Renewal System, Skincare SuperSet, Skincare Set, Dark Circle Duo, Luxury Concealer, Apple Stem Cell Cream, Citrus Stem Cell Serum, Bakuchiol Firming Eye Cream, Bakuchiol Rejuvenating Facial Treatment
Frange Puff, Bisou Balm - Bêtise, Bisou Balm - Mon Chéri, Bisou Balm - Rose Latte, Bisou Balm - Bonbon Myrtille, Bisou Balm - Amour Fou, Bisou Balm - Bonbon Coquelicot, Bisou Balm - Sucette, Bisou Balm - Guimauve, Bisou Balm - Calisson, Lip Nectar - Rose de Moab, Lip Nectar - Amarante Noire, Lip Nectar - Souci d’Automne, Lip Nectar - Pois de Senteur, Lip Nectar - Dahlia Noir, Plume Lip - Mon Chéri, Plume Lip - Syrah Fumé, Plume Lip - Châtaigne Grillée, Plume Lip - En Feu, Plume Lip - Rose Fumé
Zinc Sunscreen Sticks SPF 50+: Yellow, Orange & Red, The Best Sellers Gift Box, The Travel Gift Box, Silk Mineral SPF 50 Sunscreen, Clip-On SPF 50+ Sunscreen Lotion, SPF 50+ Sunscreen Lip Balm, SPF 50+ Sunscreen Lotion Bottle, SPF 50+ Sunscreen Lotion Pump, UPF 50+ Sports Hat
Guava Glow Tinted Lip Jelly, The Super Cleanse, Hyaluronic Acid Mask, Papaya Pop Tinted Lip Jelly, The Clean Sweep, Rose Boba Mask, Juicy Watermellow Clear Lip Jelly, The Moon Dream, Watermellow Hydrating Face Mask, The Wake-Up Call, Blue Raspberry Slushy Kid's Mask, Cherry Slushy Kid's Mask, Rainbow Slushy Kid's Mask, Watermelon Slushy Kid's Mask, Melon Dew Kid's Eye Masks, Sunny Slices Kid's Eye Masks
The Serum Bar, The Highlighting Bar, The Body Serum Bar, Hydrating Body Oil, The Complete Mini Bar Set, Hydrate + Glow Set, The Highlighting Bar - Mix + Match (2 Bars), Sensitive Facial Oil, Daytime Facial Oil, Daytime Hydrosol, Nighttime Facial Oil, The Facial Cupping Set, Cloud Body Gua Sha, Body Sculpting Tool, The Ember Wellness Effect Set, The Head to Toe Glow Set, The Face Starter Set, The Body Sculpting Set, The Irresistible Glow Set, The Natural Facelift Set
Essentials Complete Kit, Starter Kit - Classic No. 01, Starter Kit - Classic Shorties No. 05, Starter Kit - Classic Luxe Wispy No. 15, Starter Kit - Volume No. 02, Starter Kit - Volume Shorties No. 06, Starter Kit - Volume Luxe XL No. 12, Starter Kit - Mega Volume No. 03, Classic No. 01, Pro Lock™ Adhesive 4.5ml, The Serena Starter Kit No. 46, Classic Shorties No. 05, Volume No. 02, Hydrating Gel Patches, Pro Tweezers, Lash Lock Tweezers, Pro Lash Mini Scissors, Prep & Perfect Kit
B.I.G. Mouth XL Plump, Plumping Addict Duo, Cabana Club Cocoa Caviar, French Rose Milk, Polite Pout, More than a Pretty Face Foundation, More than a Pretty Powder, Cabana Club Bronzer
Dynamic Age Defense,Bioadaptive Stress Repair,Precision Eye Lift,Gentle Amino Powerwash,UV Camera
5 play sessions,10 play sessions,Gold Membership
undefined
The Sweet Life Hoodie, Whipped clay mask, The Fresh Starter Set, Hydrating cleanser, Soothing serum mist, Moisturizer, Sunscreen, Gift card, Sugarcoat Gloss Balm, The Sweet Tooth Set, The Essentials
Rinse Free Shampoo Cap (4 Pack),Magnesium Body Butter,Rapid Drying Hair Primer,Everything Balm
Tone - Classics Fresh - On The Go Cologne - 100ml, Tone - Classics Coconut - On The Go Cologne 100ml, Tone - Classics Woodland - On The Go Cologne - 100ml, Tone - Classics Citrus - On The Go Cologne - 100ml, TONE - Sunrise On The Go Cologne & Body Mist, TONE - Vanilla On The Go Cologne & Body Mist, TONE - Fresh Roll-On Fragrance Oil, tone roll-on fragrance coconut, TONE - Woodland Roll-On Fragrance Oil, TONE - Vanilla Roll-On Fragrance Oil, On The Go Fragrance Collection, TONE - Vanilla Body Wash, TONE - Vanilla Deodorant, TONE - Woodland Hydrating Body Wash, TONE - Coconut Hydrating Body Wash, TONE - Fresh Hydrating Body Wash, TONE - Citrus Hydrating Body Wash, TONE - Eucalyptus Body Wash, TONE - Sunrise Body Wash, TONE - Holiday Limited Edition Hydrating Body Wash, Tone - Classics Fresh Deodorant, TONE Fresh Deodorant, Tone - Classics Coconut Deodorant
undefined
Eyebrow Stencils, Brow Lamination Gel, Precision Brow Duo Pen - Black Brown, Precision Brow Duo Pen - Medium Brown, Precision Brow Duo Pen - Light Brown, Laser Lashes (Pre-Glued) - On Point, ProGlam 6 Pair Multipack + Bonus Applicator - JL-PG6-B30, Strip or Snip - Rich, Kawaii Dollz - Sakura, ProGlam Multipacks PG-3D16, Natural Babe - Princess, Natural Babe - No Filter, Natural Babe - Honey, Natural Babe - Cashmere, Natural Babe - Sweetheart, Natural Babe - Valentine, Mascara Shield Guard, Cherry Applicator, Cherry Tweezer, Extension Effect 4 Pair Multipack - 43D203D
Smokey Eyeshadow Individuals, Editorial Eyeshadow Individuals, High Fashion Eyeshadow Individuals, Smokey Eyeshadow Refills, Editorial Eyeshadow Refills, High Fashion Eyeshadow Refills, Smoky Eyeshadow Palette, Editorial Eyeshadow Palette, High Fashion Color Palette, Powder Zero Shaver, Lani Lipstick, Liquid Matte: Mixology Collection, Brush 118
undefined
Biotin Gummies, Strawberry, 90ct,L-Arginine Capsules,Horny Goat Weed Capsules,Beet Root Gummies,Saw Palmetto Capsules,Saw Palmetto + Nettle & Pumpkin Seed Capsules, 120ct,Night Time Fat Burner Capsules,Turmeric & Ginger Gummies, Peach, 60ct,Saw Palmetto for Women with Biotin, 60 ct,Collagen Peptide Powder + Probiotics, 210gm,Colon Cleanse Capsules, 30ct,Women's Night Time Fat Burner,Elderberry Gummies for Adults, Elderberry Flavor,Ashwagandha Capsules, 90ct,DHEA Capsules, 60ct,Tribulus Terrestris Capsules,NeuroIgnite Capsules,Saw Palmetto + Melatonin PM Capsules,Cranberry Probiotic Gummies for Women, 60 c,Omega Gummies for Adults, Lemon & Orange Flavors, 60ct,Multivitamin Gummies for Adults, Fruit Flavor, 60ct,Black Seed Oil Liquid Capsules, 90ct,Saw Palmetto + Nettle Capsules, 120ct,Ashwagandha Gummies, 60ct,Apple Cider Vinegar Capsules,Beet Root Powder, Black Cherry, 327gm,Multivitamin Gummies for Kids, Fruit Flavor, 60ct,Organic Methyl B12 Liquid, 1fl oz,Elderberry Capsules, 60ct,Ginkgo Biloba Capsules, 60ct,Prebiotic Probiotic Capsules, 60ct,Black Seed Oil + DHA Liquid Capsules, 60 ct,Tongkat Ali Capsules
Game Day, Game Day Pro, All Day Comfort, Baseline, Move Band, Move Drawstring Bag, Move Compression Crew Lock Socks, Move Socks, All Day Dad Hat
undefined
Hywaze THCP 2G flower (⚠️2X stronger than THCA⚠️), Dual Gummies THCP-D9 1250MG (Extreme Potency), ORGANIKRATOM Capsules - Hurricane, HYWAZE KNOCK-OUT Gummies D8+THCP 250MG, HYWAZE Limited Edition Gummies Delta-9+ 220MG, HYWAZE Premium Gummies Delta-9 (20MG), 🔥 NEW IN🔥 Hywaze Clean Blend Gummies – THCP + Delta 9, Hywaze Super THCP Wax - 3G, iDelta 8 Vape Disposable 1000mg, Serene Tree Delta 8 Flower, Serene Tree Delta 9 Infused Pre-Roll 1g, SMOK Nord X Pods, SMOK TFV16 Mesh Coils, Geekvape Z Series Coils, VOOPOO ITO Coils, SMOK RPM Series Coils, Geekvape B Series Coils, SMOK Novo 4 LP1 Coils, SMOK TFV12 Prince Coils
Pre-Crawlers, Crawlers, Walkers, Purposeful Play
Crystal Breth Lemon-Mint, Crystal Breth Peppermint, Bundle Builder
not found
undefined
Cocoàge - Extra Shot 24K Non-Surgical Eye Applicator, Cocoàge - 24K Cocoa Facial Peeling Gel, Cocoàge - Concentrated 24K Caffeine Eye Serum, Cocoàge - HOT TEMP 24K Stimulating Facial Serum, 24K Leaf System
not found
undefined
undefined
undefined
not found
Lanolin Lip Elixir, Solar Body Duo, Tools Set, No. 1 Solar Tallow Body Butter, No. 2 Solar Body Oil, No.1 Vanilla Tallow Body Butter, No.2 Vanilla Body Oil, Vanilla Body Duo, Awakening Hair Brush, Lanolin Lip Elixir Duo, Vanilla Body Duo Minis, Contouring Stainless Steel Gua Sha, Sculpting Copper Dry Brush, Vanilla Flame Candle, Coconut Milk Bath Melt, Silk Scrunchie
not found
not found
not found
Beardilizer Beard Kit, Make America Bearded Again - Trucker Cap, Gentleman Sandlewood, Beard Comb - 100% Natural Black Ox Buffalo Horn & Sandalwood Handle, Beard Wax, Cleansing Beard Wipes, Beardilizer Toiletry Bag – Stylish, Durable & Perfect for Your Grooming Essentials, Sleepilizer - Micropore Tape, Make America Bearded Again - Hoodie, Beard Wash, Beard Growth Spray
not found
undefined
Blowze Snot Rocket, The Purple Sneeze, Blowze Silent Sneeze, Tissue Breathing Dragon, The Gentleman's Hanky, Tissue Combo 6-Pack, Sesame Street SNEEZE Tissues - Surprise Box Designs
not found
Sleep LXR, Men's Renew, Zen LXR, Digest LXR, Cortisol LXR, Inflam LXR, Menopause LXR, Energy LXR, PMS LXR, The Balm + Hemp, The Balm, Mag/Max + Hemp, Reset + Rally Bundle
Elite Kit Includes cleanser, day serum, night serum, color spot serum, and body lotion, CelSana/CBG Hand Cream, CelSana/CBG All Body Anti-Aging Lotion, Day Serum, Night Serum, Night Serum (Sensitive Skin), Rainforest Cleanser, All Body Anti-Aging Lotion - Natural White Tea, All Body Anti-Aging Lotion Unscented, Starter Kit ($99 For New Customers Only), Color Spot Serum, Premium Kit (Includes cleanser, day serum, night serum, and body lotion), CelSana Gift Card, Day and Night Serum (Normal to Dry Skin), Scar-Rase Serum, Rainforest Tea, Rainforest Tea (Subscription), Scar-Rase Serum (Subscription)
not found
Body Butter, POLISH Body Exfoliating Loofah
Rosa Jamaica Hydrating Face Mist,Oro Rosa Supercriticals Face Oil,Verano Body Oil,Magnesio Mineral Sleep Spray,Todo Bien Aromatherapy Roller,SÍ Vitamin C Serum,Discovery Ritual,Green Aventurine Roller & Gua Sha Set,VERANO Perfume Botánico Mist,Planta Buff Exfoliating Grains,Pair of Aventurine Mushroom Gua Sha,OJO DE AQUA Mineral Soak
undefined
Colonial 1723 Farthing PCGS MS63BN, Colonial 1773 Virginia Half Penny Period PCGS MS64RB, Colonial 1779 Rhode Island Ship Token No Wreath Below - Pewter. NGC XF45, Colonial 1779 Rhode Island Ship Token Pewter No Wreath Below Ship PCGS VF details, Colonial 1783 Copper Nova Constellatio Blunt Rays Crosby 3-C ANACS VF20 Details, Colonial 1786 Vermont 1/2 Cent Vermontensium PCGS VG Details, Colonial 1786 Vermont Bust Left NGC F12, Colonial 1787 Connecticut Horned Bust ANACS EF40 Details, Colonial 1787 Fugio New Haven Restrike Copper PCGS MS63BN, Colonial 1787 New Jersey No Plow Sprig NGC XF Details, Colonial 1787 Vermont Bust Right PCGS Fine details, Colonial 1787 Vermont Copper RR-12 ANACS VG8 Details, Colonial 1788 Mailed Bust Left Connecticut NGC AU50, Colonial 1788 Massachusetts Cent ANACS VF20 Details, Colonial 1788 Vermont Bust Right NGC VF Details, Half Cent 1804 NGC VF20, Half Cent 1804 Spiked Chin NGC AU58, Half Cent 1804 Spiked Chin NGC VF25, Half Cent 1804 Spiked Chin PCGS F15, Half Cent 1834 PCGS AU50
Backpack, Bobcat X3, Bobcat X4, Bobcat™ 3 Wheel Compact Scooter, Cirrus Plus EC, Cirrus Plus Folding Power Wheelchair, Cirrus Plus Folding Power Wheelchair, Cirrus Plus HD, Cobalt, Cobalt Travel Power Wheelchair, Cobalt X23, Cobalt X23 Power Wheelchair, Cobra GT4, Gladiator GT Heavy Duty Scooter, Go-Chair, Go-Go Elite Traveller, Inogen, Philips, Resmed
not found
Elite Fast-Drying Eyelash Extension Glue – 1s Dry Time, 7-Week Retention, Waterproof, Black, ProCare Professional Eyelash Extension Glue – 1–2s Dry Time, 8-Week Retention, Waterproof, Black, Strong Hold Eyelash Extension Glue – 2–3s Dry Time, 6-Week Retention, Waterproof, Black, Semi-Sensitive Eyelash Extension Glue – 4–5s Dry Time, Hypoallergenic, Low Fume, 5-Week Retention, Black, Pure Sensitive Eyelash Extension Glue – 7–8s Dry Time, No Fume, Hypoallergenic, 4-Week Retention, Black, Diamond Clear Eyelash Extension Glue – 2–3s Dry Time, 6-Week Retention, Waterproof, Transparent, Lash Bonder & Seal - Enhances Retention, Speeds Curing | Forabeli Max Solution, Lash Primer 15ml For Eyelash Extensions
undefined
Keune 1922 Moldable Clay, Keune Air Wax, Keune Blonde Savior Treatment, Keune Care Absolute Volume Shampoo, Keune Care Blonde Savior Mask, Keune Care Blonde Savior Shampoo, Keune Care Color Brillianz Conditioner, Keune Care Color Brillianz Mask, Keune Care Color Brillianz Shampoo, Keune Care Confident Curl Leave-in Wavy, Keune Care Confident Curl Confident Curl Conditioner, Keune Care Confident Curl Confident Curl Leave-in Curly, Wax Treatment, Vitamin C Range, Radiant Gold Range, Keratin Hair Miracle, Shampoo & Conditioner [200ml], Shampoo & Conditioners [1L], Face Cream, Face Wash
2.5-2.6 CT Lab Grown Diamond Pear Halo Dangle Earrings in 14K White Gold, 2.50 CT Inside/Outside Round Diamond Hoops in 14k White or Yellow Gold, 4.50 CT Large Diamond Inside/Outside Hoop Earrings in 14k Rose Gold, 4.50 CT Large Diamond Inside/Outside Hoop Earrings in 14k Yellow Gold, Women's 1.30 CT Inside/Outside Round Diamond Hoop Earrings in 14k White Gold, 3.00 CT Inside/Outside U-Prong Set Diamond Hoops in 14k White/Yellow Gold, 4.50 CT Large Diamond Inside/Outside Hoop Earrings in 14k White Gold, 3.00 CT Large Diamond Hoop Earrings in 14k White/Yellow Gold, 2.00 CT Pave Set 7-Row Diamond Huggies in 14k White/Yellow Gold, 0.65 CT Large Diamond Hoops/Huggies in 14k White/Yellow Gold, 2.15 CT Inside/Outside Diamond Hoops in 14k White/Yellow Gold, 4.00 CT Inside/Outside U-Prong Set Diamond Hoops in 14k White Gold, 3.30 CT Inside/Outside U-Prong Set Diamond Hoops in 14k White Gold, 1.00 CT Channel Set Diamond Huggie Earrings in 14k White/Yellow Gold
Commemorative Challenge Coin,TGC T-Shirt,TGC Trucker,TGC Drawstring Backpack
Kit de traitement intensif longevity, Contour des yeux longevity, Baume & contour lèvres longevity, Double nettoyage longevity, Exfoliant fondant longevity, Crème de nuit longevity, Crème de jour longevity + Dispositif amplificateur d’efficacité, Perfecteur visage longevity, Huile 3D longevity, Tonique pré-sérum longevity
The Nood Serum,The Flasher™ 2.0,The Shave Lube,The Buff Bar,The Eraser,The Nood Razor,The Flasher Pro,The Ageless Serum,The Noodist Kit,The Shave Kit
Make Up For Ever Balancing and Perfecting Liquid Foundation, Jouer Paris Lights Eye Paint Liquid Eyeshadow, Jouer Sun Wash Cheek + Lip Wash, Danessa Myricks Colorfix Stix, Anastasia Beverly Hills Haze Mini Eyeshadow Palette, Jane Iredale Skintuition Brightening Under Eye Concealer, Anastasia Beverly Hills Brow Pro Palette, Danessa Myricks Colorfix 24hr Matte Cream Color, Danessa Myricks Yummy Skin Water Powder Serum, Face Atelier Ultra Foundation Pro, Anastasia Beverly Hills Brow Wiz, Ben Nye Liquid Latex, Balloon Rubber Latex, Slip Cast Latex, Ben Nye Wrinkle Stipple, Ben Nye Clear Latex, Monster Maker Latex Mask Paint 4oz, Monster Makers Foam Latex Kit, Ben Nye Latex LL-52 Sensitive Skin 2oz, V-Thix Latex Thickener
not found
Grab & Glow Sampler Set, Age-Defying Exfoliating Pads 60ct, Radical Rejuvafirm™ Facial Oil 30mL, Hand And Nail Multi Repair 75mL, Express Delivery Enzyme Body Peel 178mL, Cosmetic Gift Bag, Cleanse and Exfoliate Power Duo, Radical Virtual Gift Card, Lip Trio, Summer Eye Revival & Replenish DUO, The Shaving Duo, The Men’s Essential Trio, Transformative Skincare Duo, Lip Shine & Define Duo, Lip Luster Lip Liner, Hyaluronic Antixodant Micro-Needle Eye Patch(4 pack), Collagen Renewal Gel Eye Mask, Youth Infusion Serum 30mL, Anti-Aging Restorative Moisture 50mL, Detox Charcoal Enzyme Peel 50mL, Hydrating Cleanser 120mL
Cactus Jam,BROWNING,Melted Butter,Cake Batter,TRIO THEORY BUNDLE,Cake Theory Bundle,POUND CAKE GIFT CARD
Eco Tint Brush, SHRINE Tail Comb, SHRINE Cosmetics Bag, SHRINE Wide Tooth Comb, All in One Accessories Bundle, SHRINE Crocodile Clips, Bleach Proof Towel, Eco Hair Brush, Vanilla Bean Latte MIXED UP Semi-Permanent Hair Dye, Hazelnut Brew MIXED UP Semi-Permanent Hair Dye, Peach Macchiato MIXED UP Semi-Permanent Hair Dye, Cherry Espresso MIXED UP Semi-Permanent Hair Dye, Bleach & Mixed Up, Pearlescent MIXED UP Semi-Permanent Hair Dye, White Blonde MIXED UP Semi-Permanent Hair Dye, Mixed Up - Mix & Match, Mocha MIXED UP Semi-Permanent Hair Dye, Pink MIXED UP Semi-Permanent Hair Dye, Ash Blonde MIXED UP Semi-Permanent Hair Dye, Champagne MIXED UP Semi-Permanent Hair Dye
MAIFANSHI MOISTURE FOUNDATION, MAIFANSHI AQUA FOUNDATION, CLEANSING WATER, CLEANSING WATER CLOTHS, Sheer Moist Powder, The Powder, MAIFANSHI MOISTURE FIT CONCEALER, MAIFANSHI MAKEUP COLOR BASE, Maifanshi Moisture Concealer, MAIFANSHI GLOSS FILM FOUNDATION, MAIFANSHI AQUA FOUNDATION ILLUMINATOR, Maifanshi Gloss Film Foundation Case, Pressed Powder Refill, Maifanshi Face Powder, Maifanshi Brightening Moisture Powder - Blurring Beige, Perfect Finish Set, KGD MAIFANSHI FACE POWDER 25G, Mineral 3D Eyeshadow, Stick Rouge Glossy Color Balm, Liquid Rouge Lasting Color Balm, MAIFANSHI LONG LUSH TREATMENT MASCARA, Maifanshi Mineral Eyebrow Powder, MAIFANSHI MINERAL EYEBROW PENCIL, Mineral Eyeliner Pencil
10 Mushroom Power Complex Gummies Blueberry Flavor, 60 Vegan Gummies, 10 Mushroom Power Complex, 60 Vegan Capsules, 35+ Mom & Baby + Real Food Nutrients, 60 Caplets, 50+ Mini-Tablet plus Real Food Nutrients, 180 Vegan Tablets, Active Health Teen with DermaComplex + Real Food Nutrients, 45 Vegan Caplets, Active Health Teen with DermaComplex + Real Food Nutrients, 90 Vegan Caplets, All-Zyme Double Strength, 90 Vegan Capsules, Apple Cider Vinegar Gummies (Organic) Apple Flavor, 50 Vegan Gummies, Beet Root Soft Chews Mixed Berry Flavor, 60 Soft Chews, Berberine Complex 1000 mg, 60 Vegan Capsules, Calcium Citrate Mini-Tablets + Real Food Nutrients, 120 Vegan Mini-Tablets, Calcium Magnesium and Vegan D3 + Real Food Nutrients, 180 Vegetarian Caplets, Calcium Magnesium and Vegan D3 + Real Food Nutrients, 90 Vegan Caplets, Certified Men's Multivitamin, 120 Vegetarian Capsules, Certified Women's + Real Food Nutrients Multi, 120 Vegetarian Capsules, Counter Attack, 30 Vegan Caplets, Counter Attack, 90 Vegan Caplets, Creatine + Multi Collagen Powder, 10 oz (285 g) Bottle, Daily Prebiotic + Probiotic Powder (Organic), 20 Billion CFU, 4.76 oz Bottle, Dandelion Root Liquid Extract Alcohol Free, 2 fl oz (59 mL) Liquid
Organic Oil Based Pomade, Organic Water Based Pomade, Shampoo, Body Wash
undefined
Retinol Reform With 1% Encapsulated Retinol, Rescue Serum, Moisture Boost Plumping Serum, Triple Acid Signature Peel Value Size, Intensive Eye Renewal Cream, Hydration Peptide Cream, Cleansing Serum, Weightless Oil-Free Moisturizer, Signature Nourishing Facial Mask, Lactic Acid Serum, Triple Acid Signature Peel, Sake Nourishing Essence, Facial Sculpting Wand™, Shani Darden by Déesse PRO LED Light Mask
Extreme Cream, Extreme Cream Eye, Pro C Serum, Elastic Skin, Firming & Lifting Trio, Extreme Cream Collection Duo, Extreme Home & Away Duo, Extreme Cream Refill Set, Elastic Skin Refill Set, Bright & Tight Eye Cream, Mineral Sun Glow SPF, Recharge Gel Cream, 10+10 Daily Moisturizer, Calm The Red Down, Keep It Clean, Brightening Essentials Kit, Extreme Cream Travel Refill Set, Slushy, Sun Balm SPF 30, Skin Prep Exfoliating Pads
BOOST X Dry Shampoo + Scalp Care, Supernova Blonde Toning Leave-in Foam, Wavetech Wave Foam, 02 Sweet Escape Fragrance Mist, 00 Clear Super Gloss Intensive Glossing Treatment, Brad's Must-Haves Bundle, Blonde Toning Bundle, Wave Refresh Kit, Wavetech Hydrating Wave Cream, Wavetech Wave Revival Mist, Wavetech Nex-Gen Wave Conditioning Mist, Wavetech Wave Setting Spray, Wavetech Wave Enhancing Oil, Wavetech Dual-Acting Wave Mask, Wavetech Wave Shampoo, Wavetech Wave Conditioner, Wave Bundle, 5N Dark Brown Super Gloss Intensive Glossing Treatment, 5G Golden Brown Super Gloss Intensive Glossing Treatment, 7C Copper Super Gloss Intensive Glossing Treatment
Deep Zzzs CBD CBN THC Gummies For Sleep, Night Lytes™ Magnesium Powder for Sleep, Pure Sleep™ Fast-Acting CBN Gummies for Sleep, Full Spectrum CBD & CBN Tincture, Night Caps CBD CBN Capsules for Sleep, Rest & Renew Mushroom Sleep Gummies, Full Spectrum Sleep Bundle, Pure CBN Sleep Bundle, Deep Zzzs Sample Pack, Afternoon Delight CBD + THC Gummies, Extra Strength CBG Gummies, Daily Dose CBD CBG Tincture, Full Spectrum CBD Tincture 2000mg, Crave Less THCV Tincture, Afternoon Delight 5ct Sample Pack, CBG Gummies 5ct Sample Pack, CBN Gummies 5ct Sample Pack, CBN Tincture for Sleep, Day and Night Gummy Bundle, Day and Night Tincture Bundle
undefined
The Body Mist, The Solid Perfume, The Body Serum, The Wash, The Fragrance Pairing, The Body Exfoliant
Clinical Grade Antiperspirant Underarm Regimen, Face Primer w/ SPF, Underarm Stick, Feminine Care Deodorant, Setting Mist, Setting Powder, Face Lotion, Women's Groin Powder, Breast Powder, Scalp Regimen, Men's Groin Powder, Hand Lotion, Foot Lotion, Underarm PM Wipes, Scalp Serum, Scalp Powder, Underarm Stick 3-Pack
All Body Deo Duo, All Body Deo Trio, All Body Deodorant, Balance Set, Body Wash, Body Wash Duo, Body Wash Trio, Deo Duo, Deo Quad, Deo Trio, Deodorant, Dry Body Oil Mist, Dry Body Oil Mist Duo, Dry Body Oil Mist Trio, Essentials Set, Family Pack, Mini Dry Body Oil, Mini Dry Body Oil Duo, Mixed All Body Deo Duo, Mixed All Body Deo Quad
"Endymion's Luminous C Set, Lotus Squalane Healing Facial Oil, Endymion’s Luminous C, Day and Night C+ ""A"" set, ProB5HA Full Spec Quenching Serum, Demeter Regenerating Halo Serum Oil, Midnight Mirage Antioxidation Facial Oil, Hyperion Tranexamic Acid Serum 3%, Mini Bao Travel Size 5ml Face Oil Serum Vitamin C Lotus Persephone Eye Oil - Free with Purchase, Anti-aging & Brightening Set, Helios Ginseng Ferment Essence, The Healing Duo - Lotus Squalane Healing Facial Oil + Persephone Eye Serum Oil, Dionysus Elixir Toning Serum, The Lucky Duo - Endymion’s Luminous C + Lotus Squalane Healing Facial Oil, Bestsellers Bundle, Ginseng Bundle, All in One Bundle"
Oil-Cleansing Starter Kit, Convert Kit, Cleanse, Pull, Wash, Bloom, Glow, Detox, Mega Cleanse Kit, Skin Reset Bundle, Denise's Essentials Kit, Defoam Your Biome Kit, Serums Kit, Travel Cleansing Kit, Tried and True Kit, Gift Card, Flora-Friendly Facial, Wheel of the Year Poster
undefined
undefined
undefined
Classic Bottom Firm Body Shaper With Front Zipper, Extra High-Waisted Sculpting Thong Shaper, High Back Open Bust Knee Lenght Firm Post-Surgical Butt Lifter Body Shaper, High compression Shaper With Built-In Bra, High Compression Shapewear Lipo Countour, Mid-Rise Sculpting Butt Lifter Shaper Short, Moderate control waist Tank Top, Slimming Strapless Butt Lifter Shaper, Waist Cincher Trainer / Maximum Compression Back Support, Stage 1 + 2 High Back Compression Shapewear - (Front hook-and-eye closure), Hourglass Steel Bones Shaper Extreme Compression Butt Lifting Effect, Unlined wireless Bra - High back - Posture Corrector, Lipo Foam Lumbar Molder BBL / Back Board, Post Surgical Abdominal Compression Lipo ABs Board, Belly Button Plug Silicone Shaper After Surgery, Slimming Arm Compression Vest / Back Support
undefined
undefined
Glossy Lip Hue Hydrating Lip Shine with Hyaluronic Acid
SunDay Mineral Serum SPF 50+, SunDay Invisible Defense SPF 40+, SunDay Body Balm SPF 40+, SunDown Restoration Electrolyte Sheet Mask (Pack of 4)
undefined
מיישר כתפיים | AC75, כרית שינה אורתופדית, מכשיר עיסוי ויטלימד פלקסי פלוס, שרוול לחץ לשורש כף יד | SC25, כפפת לילה לתסמונת התעלה הקרפלית | 213CTS, חגורת גב בעלת סגירה כפולה | 078, גרבי לחץ לשיפור זרימת הדם | 397A, גנושילד GenuShield – תומך ברך | 422SH, חגורת גב איטלקית | 07AU, חגורת גב 07UB | LUMBO, חגורת גב לאמבו | AC07, חגורת גב עם רצועות | 099, חגורת גב + סגירה כפולה | 077A, חגורת גב קלה | 06U, חגורת אגן | T03, מפרידי אצבעות מסיליקון | 364 S-L, כריות סיליקון מרופדות | 362, שרוול סיליקון עטוף בד | 3655, סד יום/לילה ליישור הבוהן | 386, מיישר בוהן ומגן עצם בוניון | 3674
undefined
INITIAL ASSESSMENT, INTRO BUNDLES, ACCESS MEMBERSHIP, IN PERSON TRAINING, INTRO BUNDLE MEMBERSHIP, PRIVATE TRAINING, SEMI-PRIVATE TRAINING, UNLIMITED GROUP CLASS ACCESS, OPEN FLOOR & COMMUNITY INTERACTION, RECOVERY TECHNOLOGY, APP BENEFITS, TRAINING PACKAGES
San Diego Studio 1, New York, Los Angeles, Orange County Studio 1, Orange County, Sacramento, San Jose, San Jose 2, Chicago, San Diego, Boca Raton
Bromelain 500mg, DGL Licorice, DGL Licorice Chewables, Folic Acid Gummies, L-Lysine, Lactase Enzymes, Lutein Eye Health, Red Yeast Rice, Sea Kelp Thyroid Health, Vegan B12, Vegan Daily Cleanse Papaya Enzymes, Vegan Prebiotic Fiber Gummies, Vegan Probiotic Gummies, Vegan Zinc, Whole Food Iron
TEHIPITE VALLEY, GRAND CANYON, TRANS-SIERRA XTREME CHALLENGE, HELL FOR SURE, MOUNT GODDARD, LOST COAST, THUNDER RIVER, JUMPUP CANYON, Private & Custom Experiences (TSX Pods), Educational Treks
"Tuning Forks Single Gold: C Note 128 Hz, Bloodstone Orgonite Pyramid, Amethyst Eclipse Necklace, Sterling Silver, Aquamarine Eclipse Necklace, 14Kt Over Sterling Silver, Malachite Pyramid 1.5”, Selenite Egg Shape 2"", Celestite Heart, Labradorite Sphere 100-400 grams, Gratitude Reminders Quote Cards, Life Designer Journal - 100+ Prompts For Self-Growth, Goals, Greek Goddess Hera Statue, Hessonite Garnet Bead Necklace, Plain Goat Milk Lotion, Oatmeal, Milk & Honey Milk Lotion, La Belle Goat Milk Lotion, Grace Goat Milk Lotion, Coconut Lime Verbena Goat Milk Lotion, Cactus Flower Goat Milk Lotion, Triple Goddess Statue, Mother, Maiden & Crone Statue"
Gift Card, Styling Ritual Set, Moisturizing Trio Deal Set, The Styler Trio, Hydration Duo, Saffron Rose Hydrating Set, Joon Brush Kit, Hydrating Haircare Travel Set (2 fl oz)
undefined
undefined
undefined
Chameleon 3-In-1 Color Adaptor, Skintastic Liquid Foundation, Chameleon Black Blush, Bump Volumizing Powder, Love Yourself Island Bliss Duo, Two Timer Dual Ended Mascara, Skintastic Soothing Cleansing Cream, Skintastic FaceFix Cloud Cream, Cheek Freak Blush & Bronze Duo, Lip Sync Hydrakiss Lipstick Duo, Pout About It Lip BFF’s Trio, Skintastic Clean Slate Duo, Gone In A Swipe Concealer Stick, Gone In A Swipe Foundation Stick, Beach Babe Bronzer Stick, Gone In A Swipe Pro Foundation Brush, Take A Brow Brow Pencil, Body Wash & Polish, Blush Crush Blush Stick, Gone In A Swipe Concealer Sponge
Pregmate Ovulation and Pregnancy Test Strips, Pregmate Ovulation Test Strips, Pregmate Pregnancy Test Strips, Pregmate Ovulation Tests
CBD X Turmeric & Ginger, CBD Topical Cream X Grapefruit & Lavender, CBD Pet Aid, CBD X Lavender & Chamomile, CBD X Valerian Root, CBD Extra Strength X Turmeric & Ginger, Digital Gift Card
not found
undefined
Adult Bibs w/ Pinch & Slide Closure - Blue Halcyon,Coffee & Jesus - Funny Adult Bib,Fashionable Adult Bib Scarf,Reversible Adult Bib Scarf,Magnetic Snap Adult Bib Scarf,Keepin the Girls Clean - Funny Adult Bib,Funny Adult Bib,Adult Bibs w/ 3 Snaps & Crumb Catcher
Oleavicin Eczema Treatment, Oleavicin Shingles Gel, Oleavicin First Aid Spray & Bug Bite Relief, Oleavicin Itchy Skin Cream, Oleavicin Itchy Skin - 2pk, Oleavicin Itchy Skin - 3pk
Pore Minimizer Face Serum (20ml/0.67fl.oz), Double Chin Contour Cream And Masks Set Neck Firming Face Line Shaping, Advanced Neck Chin Jawline Tightening Firming Toning Serum, Reaffirming Body Cellulite Cream Gel Firm Uneven Skin Tone, Active PPC Hot Anti Cellulite Cream Lift Firm Bumpy Skin, V-Lift Double Chin Firming Face Shaping Band. Anacis
the NOBI essentials 1-time purchase,pearl skin kit 1-time purchase,NOBI nourishing cleansing oil,african black soap powder,rooibos toning essence with niacinamide,hydrating serum with natural retinol alternative,Z gift card
not found
Daily Brightening UV Defense, C E Ferulic, Phyto Corrective Gel, Triple Lipid Restore
not found
"5.5"" Petite Power Pin,7"" Power Pin,3"" Foundation Pins,2"" Min Pins,2"" Hero Pins"
Violet Royal, Gradual Tan Extender Lotion, Pro Freestyle Cordless, Travel Pack, SunFX Sticky Feet®, Spray Tan Machine – Pro Mini V2 with Classic HVLP, Finishing Powder 1LB – Cheeky Sunshine, Scent Drops – Watermelon, Body Polish Scrub, Instant Tan Duo, Bronzing Mousse Medium, Rose Glow Trio, Caribbean Chocolate, Original Tan
Curl Mousse, Sea Salt Spray, Texture Powder, Hair Clay
NICHE Natural Pre-Workout, Fruit Punch Natural Pre-Workout, Mango Pineapple Natural Pre-Workout
not found
undefined
Conquer Pain - Neuropathy Pain Relief - Nerve Pain Cream 3.4 Oz
Pain/Discomfort Salve, Sunscreen Solid Lotion (SPF 15), Nettle Goldenrod Tincture, Man Soap (small), Sage Lip Oil, Lead Plant Salve, Echinacea & Yarrow Tincture, Okablaya (Comfort) Massage Oil, Akišni Honey Syrup, Bergamot Lip Oil, Deodorant Bar, Lavender Luxury Solid Lotion, Baby Chief Cologne Balm, Elderberry Chaga Tonic 32oz, Baby Love Healing Salve, Grassy Wood Goat Shampoo and Body Bar, Hemp Shampoo and Body Bar, Honey Lavender Shampoo and Body Bar, Honey Lemon Shampoo and Body Bar, Invigorating Honey Shampoo and Body Bar
Basic Classic Lash Set, Moving Up Classic Lash Set, Tip Top Classic Lash Set, Over the Top Classic Lash Set, Hybrid Lash Set, Volume Lash Set (2D–3D Fans), Mega Volume Lash Set (5D–20D Fans), Basic Classic UV LED Lash Extensions – Soft & Natural, Tip Top Classic UV LED Lash Extensions – Flirty & Glamorous, Over the Top Classic UV LED Lash Extensions – Maximum Volume, Mega Volume UV LED Lash Extensions – Ultra-Dramatic & Dense, 2D/3D Volume UV LED Lash Extensions – Full & Fluffy, Hybrid UV LED Lash Extensions – Classic Meets Volume, 2D/Hybrid UV LED Lash Fill – Unlimited Lashes, 3D–20D UV LED Volume Lash Fill – Unlimited Lashes
undefined
undefined
undefined
undefined
undefined
undefined
undefined
Essential Double Cleanse RIMAN Ritual - Balancing Gel Cleanser, BooSeBoo Essential Bundle, ICD Radiansome™100 Microfluidizer Cream - Newly Reformulated, Newly Reformulated ICD Radiansome™100 Microfluidizer Essential Toner, ICD Radiansome™100 Microfluidizer Essence, ICD Balancing Gel Cleanser, ICD Cleansing Experience Kit, Incellderm ICD Dermatology Cream, Incellderm ICD Dermatology First Package (Booster and Serum) Boo Se Boo, Essential RIMAN Ritual Kit - Incellderm ICD, Essential Double Cleanse RIMAN Ritual - Snow Enzyme, Essential Double Cleanse RIMAN Ritual - Cleansing Powder Wash, Advanced RIMAN Ritual Kit, Incellderm ICD Moisture Cleansing Oil, Incellderm ICD Active Snow Enzyme Cleanser EX, Incellderm ICD Cleansing Powder Wash, Incellderm ICD Two-Phase Oil Mist, Incellderm ICD Calming Balance Gel, Incellderm ICD Multi Stick Balm, Incellderm ICD Moisture Layer Sun Protector - Sun Screen, All New Expert Experience Kit
undefined
5% Argireline Amplified Peptide Booster Serum,0.1% Retinol 1% Azelaic Acid 3% Niacinamide,5% Niacinamide Booster Serum,Copper Peptide Serum,Glutathione Antioxidant Serum,1% Salicylic Acid 1% Azelaic Acid 1% Niacinamide,Matrixyl-4 Collagen Peptide Serum,2% Salicylic Acid BHA Exfoliating Serum,Vitamin C & 15% Ferulic Serum,Phytoestrogen Night Repair Treatment Serum,Re-Densify Growth Factor Serum,Vitamin K Discoloration Serum,Multi Molecular Hyaluronate Serum,Retiniacin Night Renewing Treatment Serum,Multi-Corrective Concentrate Serum,Diamond Peptide Exosome Perfecting Serum,Ceramide Barrier Booster Serum,Ceramide Barrier Relief Protective Skin Cream,Simple Science Barrier-Boosting Duo
Element, Titan Whey, 2 lbs, Iso 100, Ghost Whey, Super Huge, Titan Vegan, Ghost Clear, Phormula-1 Clear, EliteOne, Clear Isolate, Tropic Thunder, Ghost Vegan, Collagen, 500 grams, Elite Whey, Hero Mass-Gainer, Level-1 Natural, QuickMass 10lb, Ryse Protein, Bum Itholate Protein, CaseinFX, All Whey, HexaPro, IsoFlex, 2 lbs, ISONatural
Angled Contour & Blush Brush 969, Blending Brush 971, Blush Brush 951, Brow Filler Brush 958, Brow Groomer Brush 960, Buffer Foundation Brush 973, Contour Brush 952, Dual Ended Angled Brush 972, Eyeliner Brush 959, Fine Liner 961, Firm Definer Brush 957, Fluff Shadow Blush 954, Foundation Brush 963, GEL OFF Gel based Eye, Lip and Face Makeup Remover, Lip Brush 964, Micro Mini Blending Sponges #MCB4, Natural Face Blotting Paper, Powder and Blush Brush 968, Powder Brush 950, Professional Brush & Tool Belt
Chakra Balancing Perfume Oils, Perfume Sprays, Body Oil, Massage Oil, Candles, Room Sprays, Moodzee Roller Balls, Blends, Single Note Roll Ons, Moodzee Accessories, Curated Sample Set, Custom Sample Set, Jewelry, Crystals, Auratherapy: A Guide to Adoring Yourself Your Chakras and Your Aura
Bioactive Multi, Heart & Vascular Health, Joint Health & Mobility, Bone Strength, REM Sleep, Daily Multi + Iron & Omega-3, Glucose Support, Focus & Recall, Vibrant Hair, Skin & Nails, Eye Health, Calm Mood, Immune Super Boost, Telomere Length, Vegan Essentials, Starter Kit
Precision Liquid Eyeliner, Peau Vierge Complexe, Crème Fresh Tint, Peau Perfect Pairing, Longevity Serum Makeup Primer, Colour Core Champagne Lipstick, Colour Core Semi-Opaque Lipstick, Neck & Décolleté Firming Crème, Peau Vierge Eye Brightening Powder, Peau Vierge Concealer, Concealer Brush, Peau Vierge Brush
Foot Peeling Mask,Foot Hydration Socks,Hand Hydration Gloves,Detox Bio Cellulose,AM/PM Booster Cream,Exfoliating Cleanser,Pore Perfecting Serum,Revive & Radiate,Foot Rescue Cream,Foot Peeling Mask - Pack of 2
not found
Leakproof Cotton Sleep Short, Leakproof Seamless Thong, Leakproof Seamless Brief, Leakproof Comfort CloudShort, Saalt Cup, Saalt Disc, Saalt Soft Cup, Saalt Teen Cup, Leakproof Cotton Lace Trim Thong, hanky panky+ [powered by Saalt] Original Thong, Leakproof Mesh Thong, Mix & Match Mesh Bralette Set, Leakproof Comfort Thong, Mix & Match Lace Bralette Set, Leakproof Lace Thong, Seamless Thong — Non-Leakproof, Thong Lovers 3-Pack, Cotton Rib 3-Piece Set, Day & Night 3-Pack, Leakproof Comfort Brief
Nude Mini, Roller Rescue, Sweet Escape Mini Ingrown Hair Oil, Milk & Honey, Hydrating Shave Jelly, Frankie Trimmer, Bundles + Sets, Watermelon Sugar, Francesca Trimmer, After Dark, Ingrown Hairs, Dark Spots, Subscribe + Save, Build Your Own Bundle, The Trimmer Duo, The Total Smooth Set, The Ultimate Scented Routine, The Ultimate Ingrown Hair Routine, The Overnight Brightening Routine, The Ultimate Brightening Bundle, The Trimmer Kit
Smooth Finish Brightening Setting Powder, Face Perfector Dual-Ended Complexion Brush, Lip Frame Defining Lip Liner, Skin Refine Gentle Pore-Clearing Serum, Skin Solution Multi-Serum Skin Tint SPF 40, Cashmere Color Smoothing Lip Blush, Day Dissolve Cleansing Balm, Good Defense Daily Sunscreen SPF 50 PA++++, Skin Soak Moisture Cream, Skin Soothe, Daily Recovery Rich Barrier Cream, The Double Cleanse Routine
Cocofloss Happiness Set, Cocoshine Duo, Cocobrush — 5 Pack, Electric Brush Refills, Delightful Mint Dental Floss, Shine + Floss Kit, Spring Mini Collection - Cat's Sunday Brunch, Cocofloss Thin Dental Floss, Home & Away Shine Set, Cara Cara Orange Dental Floss, Wild Strawberry Dental Floss, Confetti Cake Dental Floss, Young Coconut Dental Floss, Pure Peppermint Dental Floss, Summer Watermelon Dental Floss, Vanilla Bean Dental Floss, Lychee Breeze Dental Floss
Peach Foot Peeling Mask, Kojic Acid & Turmeric Brightening Soap, Superfoods Sheet Masks, Superfood Marine Clay Mask, Volcano Mud Mask, Turmeric Vitamin C Clay Mask, Golden Under Eye Gel Patches, The Glow Ready Travel Kit, Sculpt & Smooth Facial Ritual, Face Sculpting, Radiance Reloaded, Baby Soft Feet Combo, Reset Ritual, Glow Rehab, Strawberry Foot Peeling Mask, Kojic Acid & Turmeric Cleansing Pads, Vitamin C Face Massage Serum, Glycolic Acid & Centella Peeling Pads, Melt & Clean Cleansing Balm, Glass Skin Ritual
Lumi 2, Silky Smooth+ Routine, Silky Smooth Routine, Lumi 1, Smooth & Soothe Routine, Petal 2, 4D Shaver, Aloe Coco, Silky Skin Bundle
Nepo Baby
undefined
Plump Pout, Eye Snatched, Permanent Pout, Fizz Jelly Cleanser, Simplified Skincare Bundle
ROSE PREMIÈRE, Eau d'Azur, Délices des Bois, Noire de Mai, Ready for Rosé, Eau de la Nuit, Le Point G, Le Spritz - Gold, THE COLLECTION Traveler Set, Le Spritz - Silver, CERAMIC GREY PEBBLE, BOOSTER EAU DU JOUR - 85 ml, BOOSTER EAU DU JOUR - 10ml, THE FRAGRANCE DISCOVERY SET, Sexy Garrigue
Strawberries & Cream Soothing Raw Juice Mask, Deep Detox Pore Control Raw Juice Mask, The Pink Dream Moisturizing Raw Juice Mask, Green Reset Anti Aging Raw Juice Mask, Pineapple Bliss Revitalizing Raw Juice Mask, Raw Juice Cleanse Mask Set, Guava Mango Smoothie Lip Treatment, Lychee Breeze Revitalizing Infused Water Facial Mist, White Pitaya Coconut Smoothie Lip Treatment, Strawberry Matcha Latte Depuffing & Hydrating Eye Patches, Vanilla Almond Butter Smoothie Lip Treatment, Iced Chai Latte Energizing & Firming Eye Patches, The Blue Dream Moisture Repair Raw Juice Mask, 8 Pack - Green Reset Anti Aging Raw Juice Mask Multipack, Coconut Dreams Calming Infused Water Facial Mist, Mocktail Biocellulose Face Mask Set, The Dream Team Sheet Mask Duo, Strawberry Coco Rosé Soothing Biocellulose Mocktail Mask, Strawberry Banana Smoothie Lip Treatment, Mountain Water Hydrating Liquid Death Face Mask
Calathea Rattlesnake, ZZ Plant, Zeylanica Snake Plant, Maranta Beauty Kim, Pearls and Jade Pothos, Syngonium White Butterfly, Staghorn Fern, Burgundy Rubber Plant, Philodendron Florida Bronze, Homalomena Camouflage, Indoor Olive Tree, Guzmania Bromeliad, Pink Orchid & Succulent Garden, Red Lip Moth Orchid, White Orchid, Cast Iron Plant, Red Prayer Plant, Bird's Nest Fern, Maidenhair Fern, Small Mystery Plant, Medium Mystery Plant, Mystery Air Plant Trio, Mystery Air Plant Box, Stromanthe Triostar, Braided Money Tree, Chinese Money Plant, Boston Fern, Baby Rubber Plant, Peperomia Rosso, Golden Pothos, Pothos Marble Queen, Australian Umbrella Tree, Pink Anthurium, Aloe Vera, Blue Star Fern
Luxury Skincare Set, Cleansing Essentials Set, Oil Cleanser, Lipid Serum, Hyvia® Crème, Arctigenin Brightening Treatment, Lipid Shield SPF 30, Hydrobiome Serum, Luxury On-The-Go Care Set
LINED UP LIP LINERS, PRETTY SHADY TRIOS, PRETTY EXTRA, GLISTEN UP, GOING ROUGE, PRETTY SHINY, GOING STEADY, PRETTY SHADY, SIDE EYE LINER, LIP COMBO, LOVED UP BAG, DUO CHEEK & FACE BRUSH #1, THE WARM TONE MATTE SET, THE COOL TONE MATTE SET, EYE BRUSH TRIO, COMPLETE BRUSH SET, DUO PRECISION EYESHADOW BRUSH #3, DUO FLUFFY EYESHADOW BRUSH #2, DUO LINER BRUSH #4, PICK ME x 3, PICK ME x 5, GOING ROUGE REFILL
Fragrance Discovery Set,Vanilla Blackberry - Body Mist,Paradise Skin - Body Mist Trio,Decadent Layering - Body Mist Trio,Strawberry Letter - 50mL,Soft Spot - 50mL,Missing Person - Body Oil,Vanilla Skin - Body Oil,Peach Skin - Body Mist,Coconut Skin - Body Mist,Mood Ring - 50mL,Somebody Wood - 50mL,Missing Person - 50mL,Father Figure - 50mL,Vanilla Skin - 50mL,Cherry Stem - 50mL,Honey Moon - 50mL,Golden Rule - 50mL,Rose Whip - 50mL,Afterglow - 50mL
undefined
INTENSE RESTORE NMN + RESVERATROL SKIN LONGEVITY GEL-CREAM, MODERN MIRACLE | MULTI-GROWTH FACTOR COMPLEX + SNAIL | DRAGON FRUIT, NIGHT SERUM, ETERNAL BEAUTY | NIACINAMIDE +MULTI-PEPTIDE COMPLEX, DAY SERUM, PURE VITALITY | COENZYME Q10 +MULTI-PEPTIDE COMPLEX, SERUM, GLOWING ESSENCE | VITAMIN C +MULTI-PEPTIDE COMPLEX, SERUM, HYDRO REVIVING | 4D HYALURONIC ACID +MULTI-PEPTIDE COMPLEX, SERUM
Tyche CleanSweep Brush, Self-Cleaning Hair Brush, Curl Me Perfection Automatic Hair Curler, CurlStream Pro, ArcticGlow™ Scalp Therapy Brush, Ultimate Hair Styling Bundle: CurlStream Pro & Tyche Brush, Healthy Hair Duo: Automatic Curler & Self Cleaning Brush, Best Hair Brush Set – Ultimate 4-in-1 Bundle
starlet lustrous liquid eyeshadow, mélange à trois blush & highlight stick, sweet dreams eyeshadow quad, essential drip glossy balm, dangerous woman lip mask, the full face edit, sweetener foundation, on the glow essentials, on your collar plumping lip gloss, dangerous woman collector's set, mélange à trois blush & highlight stick trio, hypernova satin matte bronzer, bronzer brush, r.e.m. beauty x Wicked: For Good you've been glinda-fied! fragrance & makeup set, the festival edit, dreamglow highlight serum, self expression set, r.e.m. beauty x Wicked: For Good Cherry Blossom Blush Brush
undefined
ÂN-GLOSS Ceramide Lip Treatment, ÂN-DEW 10% Azelaic Acid + PHA Serum, ÂN-BALM Radiant Hydra-Balm, ÂN-GLOSS Ceramide Lip Tint, ÂN-GLOSS Ceramide Lip Trio, ANFISA Skin Digital Gift Card
undefined
VanMan's Pearl Eye Cream - 1/2 oz, VanMan's Bison Tallow & Honey Face Balm - 2 oz, VanMan's Tallow & Honey Face Balm - Classic, VanMan's Miracle Tooth Powder - Mint-Bone 2 oz, VanMan's Remineralizing Chewing Gum, VanMan’s Sweet Onion Shampoo - 8 oz, VanMan’s Tallow & Zinc SunBlock - 2 oz, VanMan's Coconut Magnesium Deodorant - 2 oz, VanMan's Vanilla Magnesium Deodorant - 2 oz, VanMan's Miracle Tooth Powder - Cinna-Bone 2 oz, VanMan's Beeswax Lip Balm, VanMan Tiny's, VanMan's Whipped Body Butter - 4 oz, VanMan's Pulling Oils - 8 oz, VanMan's Peppermint Aloe Mouth Rinse - 8 oz, VanMan's Miracle Tooth Powder - Original Eggshell 2 oz, VanMan's Tallow & Honey Soap, VanMan's Tallow & Pine Tar Soap, VanMan's Tallow & Coconut Soap, VanMan's Leather Lip Balm Holders
not found
Ultra Fit Metabolism Energizing Creatine Serum, ATP+ For Her Energizing Pre-Workout Creatine Serum, Be Strong Muscle Strengthening Creatine Serum, Muscle Rescue Nurturing Creatine Serum, Melt Woman, Verde Woman, Energia Woman, Endurus II Woman, Vibrant Woman, Opius AM, Opius AM Woman, Opius PM, Opius PM Woman, Osteo
Premium 2 Noir par Womanizer, La Vague par Eros et Compagnie, Roméo par Eros et Compagnie, Dynamique par Eros et Compagnie, Le G-Pop 2 par Eros et Compagnie, Le Performant par Eros et Compagnie, O'Gel Stimulant par High On Love, Jeu Sexe Pong, Huile de massage sensuelle - Coucher de Soleil Tropical par High On Love, Petit Prince par Eros et Compagnie, Le Surhomme par Eros et Compagnie, PerforMAN par Eros et Compagnie, Huile à massage Sugar High par High On Love, Coffret Point G - Voulez-Vous, Le Magicien par Eros et Compagnie, Nettoyant pour jouets INTIMITÉ, Sac à cosmétiques EROS, Trio d'anneaux péniens, Petit miroir de poche EROS, Gel picotant Man Lust par Pjur
Alchemy Serum, Solstice C Serum, Sérum Radiant, Élixir Exfoliant, Bonne Nuit Silk Pillowcase
Vitamin K2, CoreActives - Energy & Fatigue, Turkey Tail, Choline, Coenzyme Q10, GABA
Matte Lippies, Rule Breaker Velvet Lipsticks, Nudes Of The Worlds Lip Gloss Collection, Nudes Of The World Matte Lipstick Collection, Hall Pass Lip Gloss Collection, Colored Pencils, Mobile Mount, Nudes Of The World Collection Jumbo Liners, Notepad Mini Palette, Honor Roll Highlighter, Chalk Dust Setting Powder
Matcha, Vanilla, Chocolate, Unflavored, Agoge Sample Pack, Agoge To-Go 12 Pack
undefined
undefined
Microcurrent Facial Set, Mini Optimizing Serum, Optimizing Serum
ROSE QUARTZ Oil Free Spot Treatment, Mineral Gold – 24K Gold Leaf Treatment
RefectoCil – Eyelash and Eyebrow Tint 15ML,Refectocil – Oxidant 3% 10vol. Cream 100ML,Emerald Glue (1-2 Sec),Diamond Glue (Instant),Crystal Glue- Hypoallergenic (2 Sec),Sapphire Glue (2 Sec),Roselisa – Banana Shaped Hydrogel Patches (50-100 UN),Roselisa – Eyelash Extension Primer 15ML,Medical Tape – Paper,Medical Tape – Plastic,Roselisa – Gel Remover for Eyelash Extensions 15ML,Roselisa – Master Tweezer No.1 Light Volume,Roselisa – Master Tweezer No. 2 Curved,Roselisa – Master Tweezer No. 3 Isolation Point C,Roselisa – Master Tweezer No. 4 Volume,Roselisa – Master Tweezer No. 5 Round Volume 90°,Roselisa – Tweezer Curved,Roselisa – Tweezer Isolation,Roselisa – Eyelash Extensions 90° Tweezers,Roselisa – Eyebrows Tweezers
1000 MG Broad Spectrum CBD Hemp Oil Tincture, 1000 MG Full Spectrum CBD Hemp Oil Tincture | Assorted Flavors, 1500 MG CBD Gummies | Pineapple, Strawberry, Watermelon | 30-Ct., 160 MG CBN+CBD Gummies | Raspberry, Watermelon | 4-Ct., 160 MG Delta-9 THC + CBD Gummies | Blueberry Lemonade, Strawberry Lemonade | 4-Ct., 1750 MG Delta-8/CBD Roll-On Gel, 200 MG CBD Gummies | Pineapple, Strawberry, Watermelon | 4-Ct., 2000 MG CBD Hemp Oil Tincture for Pets | Assorted Flavors, 2000 MG CBD Hemp Oil Tincture | Assorted Flavors, 2000 MG Delta-10 THC/CBD Hemp Oil Tincture | Assorted Flavors, 240 MG CBD Chocolate Bar | Dark Chocolate, 240 MG CBD Chocolate Bar | Milk Chocolate, 240 MG CBD Chocolate Bar | Peanut Butter, 250 MG CBD Hemp Oil Tincture for Pets | Bacon, 300 MG CBN/CBD Chocolate Bar | Milk Chocolate, 4000 MG Delta-8 THC/CBD Hemp Oil Tincture | Assorted Flavors, 500 MG Broad Spectrum CBD Hemp Oil Tincture, 500 MG CBD Salve, 500 MG Full Spectrum CBD Hemp Oil Tincture | Assorted Flavors, 560 MG CBN/Delta-9 THC/CBD Chocolate Bar | Milk Chocolate
Kiss It, Bite It, Shake It, Slap It, Astro Blow, Royal Blow, Blow, Astro Kit, CBD Butt Balm, Clay Butt Stick, Nipple & Areola Balm, Butt Stick Duo, Self Love Trio, Slap It Butt Mask
undefined
Hyalu-Liss Primer, Cell-Skin, Densifiance-Serum
Single Class, 5-Class Card, 10-Class Card, 1st Month of Momentum Membership + Enrollment Fee, 1st Month of Unlimited Membership + Enrollment Fee, Custom Amount, Zumba Pride Party, Vinyasa Yoga, Strength & Stamina, Dance Club Choreo Workshop, Core & Strength, Build & Burn, Barre, Latin Burn, Stretch & Strength, Partner Stretch Workshop, Winter Sound Bath, Urban Dance Fitness
All Butter Honeycomb Body Butter, Honey Dew Body Oil - Ultra Hydration, Hibiscus and Rose Facial Moisturizer, Turmeric + Honey Resurfacing Face Exfoliant, Honey Cream Facial Moisturizer, Gin Honey Cream Moisturizer, Gin Honey Beard Oil, Gin Honey Hydrating Lotion, Gin Honey Buttermilk and Honey Soap Bar, Gin-Honey Cleansing Beard and Face Wash, Gin Honey Crystal Candle: Bergamot Vanilla Essence, HIBISCUS + ROSE ANTI-AGING Body Butter
undefined
May Special $30, Discovery Package
Frames, Prescription lenses, Designer glasses, Photocromatic lenses, Progressives, Blue light and Anti-glare, Contact lenses, Master Your Progressive Lenses (guide)
Total Eye Health
ULTRA TESTOSTERONE BOOST, PRIME DAILY Women’s Multi-Vitamins, Minerals + Feminine Boost, PRIME DAILY Men’s Multi-Vitamins, Minerals + Masculine Boost, CBD Ultra® Softgels, CBD Maxx Softgels, CBD+Arnica+Menthol (Extra Strength Roll-On)
Vitamin D3 K2, Creatine Monohydrate, Focase, Shaker Bottle
undefined
TRADEMARK Dry Body Oil, TRADEMARK Dry Body Oil Shimmer Collection (3-botte kit), TRADEMARK Dry Body Oil Crystal Collection (3-bottle kit), TRADEMARK Dry Body Oil Floral Collection (3-bottle kit), SWAY Underarm Detox Deodorant Starter Kit
2 in 1 Instant Eye Lift, Tinted Pore Minimizing Perfector (1 FL. OZ.), Purifying Gel Cleanser (6.4 FL. OZ.), Daily Facial Moisturizer (2 FL. OZ.), AlphaLash
1000 MG Nano Amplified CBD Roll On THC-FREE, 1000mg power Nano CBD Tincture, 1000MG Solventless CBD Vape, 500mg Orange Crush CBD Gummies, Colorado Fresh CBD Gift Card, Colorado Fresh USDA Certified Organic CBD Strain Specific Pre Rolls, Fresh Pack Pain Elimination Bundle, Nano CBD Arnica Menthol 1000MG Muscle Rub THC-FREE, Nano CBD Genius Energy Shot (Lions Main, Ashwaghandha, B12), Nano Sleep Shot With Melatonin and CBD, RAW™ CBD 1000mg Nano CBD Roll on, RAW™ CBD 1000mg Nano Muscle Rub, RAW™ CBD Lifter King Size Pre Roll, RAW™ CBD Sour Lifter King Size Pre Roll, RAW™ CBD Suver Haze King Size Pre Roll, RAW™CBD Special Sauce King Size Pre Roll, Sleep and Rise Shot Six Pack, USDA Certified Organic Hybrid Sour Lifter CBD Flower, USDA Certified Organic Lifter CBD Flower, USDA Certified Organic Sour Special Sauce CBD Flower
not found
Naisture 15 MIN Pamper Me Kit (7pc),Frida Kahlo x 15 MIN Pamper Me Kit (8pc),Naisture Collagen Nourishing Trio with Vegan PDRN (3pc),Naisture 15 MIN Hair Mask,Naisture 15 MIN Hand Mask,be bare Twist Cleansing Balm,be bare Aqua Jelly Ball Cleanser - Peachy Pink,be bare Aqua Jelly Ball Cleanser - Fresh Aqua,Naisture 15 MIN Groom Me Kit (5pc),Naisture 15 MIN Nourish Me Kit (10pc),Naisture 15 MIN Rescue Me Kit (6pc),be bare Double Twist Duo,Naisture Glow All Night Set (4pc),Naisture Hyaluronic Moisturizing Trio (3pc),Naisture Deep Hydration Set (4pc)
Vitastars Kids Growth & Gut Health Bundle | Multivitamin + Probiotic Gummies | Vegan, Gluten-Free (2-Pack), Ultimate Wellness Bundle | Organic Sea Moss & Black Seed OilHoney Gummies | Plant-Based Superfood Duo | For Men & Women, Parents & Kids Vitamin Bundle | Multivitamin Gummies for the Whole Family | With Omega-3, Total Body Wellness Bundle | Black Seed Oil, Sea Moss, Shilajit & Multivitamin Gummies | Plant-Based 4-Pack, VitaStars Kids Complete Wellness Bundle – Multivitamin Gummies + Probiotic Gummies + Elderberry Immunity Gummies – Gluten Free Vegan, 3 Pack, Stars Black Seed Oil & Honey Gummies | With Vitamin C, Biotin, Apple Cider Vinegar, Turmeric & BeetRoot, Kids Multivitamin & Immune Support Bundle | Kids Vitamin Gummies + Elderberry Gummies with Vitamin C & Zinc, Stars Children's Vitamin | Plant-Based, Vegan, Gluten-Free, Adult Stars Vitamin | All Natural Plant Based Gummies | With Omega 3, Vitamin C, D, B12 & Zinc, Hip Hop Nursery Rhyme Music Book for Toddlers by Navy & Ryan – English Learning | Teaches First Words, Rhythm, & Early Language Development (Ages 1-6), Libro de Sonidos de Rimas Infantiles Urbanas para Peques por Navy & Ryan | Enseña primeras palabras, ritmo y desarrollo temprano del lenguaje (Edades 1-6), Bilingual English & Spanish Hip Hop Nursery Rhyme Music Book for Toddlers by Navy & Ryan | First Words, Rhythm, & Early Language Development (Ages 1-6), Beauty, Wellness & Clarity Pack | Black Seed Oil, Sea Moss, Shilajit & Ashwagandha Gummies | Plant-Based Superfood Trio, Immunity Stars Sambucus Elderberry Immune Gummies with Vitamin C and Zinc | For Kids & Adults, Stars Organic Sea Moss Gummies | With Bladderwrack, Burdock Root & ACV | Plant-Based
Awakening AHA BHA Exfoliating Serum, That Cream Peptide Barrier Repair Moisturiser, The Shield+ SPF 30 Antioxidant Sunscreen
SIMPLY CLEAN, HYDRATING B5 GEL, ELTA MD CLEAR SPF 40, SUNBLOCK SPF 50, VIVIER VIT C SCRUB, BODY BRUSH, LHA CLEANSER, DAILY MOISTURIZER
not found
Koral Refill for shampoo, Koral Refill for conditioner, Koral Refill for body wash, Koral Refill for body lotion, Koral+ capsules, Koralizer
SkinPen Microneedling, Custom Facial, Glo2Facial Facial, Chemical Peels, Dermaplane Facial, Dermaplane Express Facial, Dysport, Jeuveau (Newtox), Xeomin, Dermal Fillers, Sculptra, Laser Hair Removal, Aerolase Neo Elite Laser, Skinbetter AlphaRet Peel, BioRePeel, Glytone, Perfect Dermapeel
undefined
Blood Sugar Support, BRAIN WELLNESS, FEMALE WELLNESS, GYNEPLUS, LIVER WELLNESS, Men Wellness, RECHARGE, Renal Wellness Blend, TURMERIC ADVANCE FORMULA
Muscle + Joint Tincture, Sleep Tincture, Sample Kit, Stress Relief Tincture, Entourage (Booster) Tincture, Muscle + Joint Tincture Starter Kit, Sleep Oil Starter Kit, Stress Tincture Starter Kit, Tincture Bundle
undefined
Flower Gossamer Essence, Flower Gossamer Anti-Aging Serum, Enzyme Exfoliant, Radiance Duo, Soothe and Rejuvante, Geisha Radiance, Rose Trinity, Graceful Aging Bundle, Delicate Cleansing Oil, Orris Cocoon, Soothing Cream Mask, Hydration Bundle, Soothing Bundle
Beauty Chews Collagen Boosting Astaxanthin Vitamin Antioxidant Gummies, Antioxidant Glow Complex
undefined
Été Nordique Herbal Infusion | L'ACHILLÉE, L'Équinoxe Herbal Infusion | L'ACHILLÉE, La Florale Herbal Infusion | L'ACHILLÉE, Feu de Forêt Herbal Infusion | L'ACHILLÉE, Vert-Forêt Herbal Infusion | L'ACHILLÉE, The Ecstasy of Mary Magdalene Herbal Tea | IMMACULATA, Saint Hildegaard's Garden Herbal Green Tea | IMMACULATA, Wounded Healer Herbal Tea | IMMACULATA, Alight in the Dark Herbal Infusion | BLUEBERRYJAMS, Herbal Chai | BLUEBERRYJAMS, Mending Hearts Herbal Infusion | BLUEBERRYJAMS, Onyx Beeswax Pillars | RITUAALIA, Miyako Sumi Incense Charcoal - Type A | SHOYEIDO INCENSE CO., Miyako Sumi Incense Charcoal - Type B | SHOYEIDO INCENSE CO., Miyako Hai White Ash | SHOYEIDO INCENSE CO., Stoneware Incense Holder | INCAUSA, Grated Brass Incense Burner, NEPACRAFTS: Rope Incense Burner, Traditional Nepalese Rope Incense, Four Roses | ROSICRUCIAN INCENSE, Rose & Sandalwood | ROSICRUCIAN INCENSE, Rose | ROSICRUCIAN INCENSE, Balsam Fir Incense Logs | PAINE, Red Cedar Incense Cones | PAINE, Espiritvs - Sacred Plants Incense | INCAUSA, Armenian Incense Papers | PAPIER D'ARMÉNIE, Ambergris Incense Matches | HIBI, Cedarwood Incense Matches | HIBI, Oakmoss Incense Matches | HIBI, Japanese Cypress Incense Matches | HIBI, Sandalwood Incense Matches | HIBI, Yuzu Incense Matches | HIBI, D.I.Y Beginner's Perfume Oil Tools, DAMIANA | Essential Oil, DAVANA | Essential Oil, EAU DE COLOGNE MINT | Essential Oil, ELEMI | Essential Oil, EUCALYPTUS | Bioabsolute, EUCALYPTUS | Essential Oil, FIR, DOUGLAS | Essential Oil, FIR, SILVER | Essential Oil, FRANKINCENSE FREREANA | Essential Oil, FRANKINCENSE SACRA | Essential Oil, FRANKINCENSE SOMALIA (CARTERII) | Essential Oil, GALBANUM | Essential Oil, GERANIUM | Essential Oil, GINGER | Essential Oil, GINGERLILY | Essential Oil, GOLDENROD | Essential Oil, GRAPEFRUIT, PINK | Essential Oil, HELICHRYSUM | Essential Oil, HINOKI | Essential Oil, HO WOOD | Essential Oil, HOLY BASIL | Essential Oil, HONEY | Absolute
Spring Greens Room Spray, Spring Greens Lotion, Spring Greens Sugar Scrub, Spring Greens Soap, Spring Greens Candle, Fridge, Bath Robe, Red Light Mask, Fluff n' Fold Bath Bundle, Lumberjack Bath Bundle, Short n' Sweet Bath Bundle, Lady Slipper Bath Bundle, Fluff n' Fold Room Bundle, Lumberjack Room Bundle, Short n' Sweet Room Bundle, Lady Slipper Room Bundle, Fluff n' Fold Soap, Lumberjack Soap, Short n' Sweet Soap, Lady Slipper Soap
Hydrating Satin Youth Cream,Intensive Hydrating Serum,Radiance Cream For Wrinkle, Dark Circles, Puffiness,Renovative Night Cream,Comfort Cleansing Milk,Comfort Lotion,Nutritive Replenishing Ultra-Rich Cream,Hydra-Plumping Mask,Hydrating Velvet Youth Cream,Vitality Cleansing Milk,Purity Lotion,Purifying Foaming Gel,Morning Cleanser,Vitality lotion,Restructuring Youth Cream,Eye and Lip Youth Cream,Firming Specific Youth Serum,Instant Energizing Corrector,Firming Youth Cream,Wrinkle-targeting Comfort Youth Cream,Soothing Velvet Cream,Nutri-Soothing Mask,Micellar Cleansing Water,Wrinkle Specific Youth Serum,Illuminating Facial Cleanser,Pro-Youth Body Serum,Soothing SOS Serum,Biological Skin Peeling,Desquacrem,Reconstructive Youth Serum,AFA Acne Care,AFA Microdermabrasion Polish,AFA Cellular Anti-Aging Peptide Serum,AFA Brightening Gel,AFA Brightening Eye Cream,AFA Renewal Masque,AFA Toner Mist,Advanced Treatment Body Lotion,AFA Mattifying Antioxidant Moisturizer,AFA Ultra-Rich Peptide Moisturizer,AFA Gentle Cream Cleanser,AFA Clarifying Gel Cleanser,AFA Cleansing Cream,AFA Restorative Gel Max,AFA Restorative Gel Plus,AFA Restorative Gel Mild
"""I do nails for a living"" Tumbler Cup, $STOML Tumbler Cup, Slay Card Grabber, Six-Week Mentorship Program - with Dee, MIND AND MONEY MATTERS: The Ultimate Journal for a Balanced Life - 60% off"
Self Tan Mousse, Jet Set Glow - Tan Setting Powder & Brush Duo
Chakra Balancing and Cord Cutting Ceremony, The Wound, Full Cosmic Blueprint, The Reclaim, The Pattern Breaker — 8-Week Group Healing Container with Miss Dannie Huggs, 100% Pure Essential Oils, California White Sage, Anointing Elixir - Baby Don't Stress, Anointing Elixir - White Owl, Anointing Elixir - Honoring Self, Healing Crystal Salt Soak - Detox, Reiki Infused Essential Oil Body and Room Mist - PURIFY, Empowered Goddess Ritual Kit - BABY DON'T STRESS, Empowered Goddess Ritual Kit - MANIFEST, Empowered Goddess Ritual Kit - NOURISH, Anointing Elixir - Manifest, Empowered Goddess Ritual Kit - GROUND & PROTECT, Empowered Goddess Ritual Kit - SELF LOVE, Anointing Elixir - Grounding, Empowered Goddess Ritual Kit - SHINE, Healing Crystal Salt Soak - Nourish
not found
undefined
Rainbow Cat Eye,Blooming Gel - Clear,Chrome Bond,Peelable Base Coat,3D Brush S,3D Nail Art Brush,Builder Gel Brush - Oval #6,Chelly's Gel Pods - 011 Lots of Cocktails,Chelly's Gel Pods - 012 Whip It,Chrome Gel Pod - Blue,Chrome Gel Pod - Champagne,Chrome Gel Pod - Green,Chrome Gel Pod - Liquid Silver,Chrome Gel Pod - Pink,Chrome Gel Pod - Purple,Gel Polish - Full Line With Rolling Case FREE,Gel Polish Quarter Line - Bright Tones,Gel Polish Quarter Line – Moody Tones,Gel Polish Quarter Line – Neutral Tones,Gel Polish Quarter Line - Soft Tones
Plush Glow Lip Oil, Sculpt Frame Eyebrow Palette, Pro Blend Eyeshadow Palette, Bouncy Jelly Blush, Hydra Mist Oil-Control Primer Spray, Sun Kissed Bronzer Stick - Cocoa Dolce, Sun Kissed Bronzer Stick - Brown Sugar, Sun Kissed Bronzer Stick - Cinnamon Chai, Hot Meltdown Gel, Makeup Remover Cloth, Liquid Matte-Red, Liquid Matte - Blossom, Liquid Matte - Burgundy, Liquid Matte - Cabernet, Liquid Matte - Cappuccino, Liquid Matte - Dark Mauve, Liquid Matte - Deep Red, Liquid Matte - Mocha, Liquid Matte - Tea Rose, Be Bold Matte Lipstick Vintage
Lip Balm with Bakuchiol - Pink Champagne, Lip Mask with Bakuchiol - NEW IMPROVED FORMULA!, Bakuchiol Vitamin C+E Serum, NEW & IMPROVED! Overnight Sleep Mask with Bakuchiol, Neck Firming Complex with Bakuchiol, Polishing Body Balm with Bakuchiol, Lavender Body Butter, Coconut Milk + Verbena Hand Remedy, Coconut Milk+Verbena - Coconut Self Tanner Lotion, Super Cream with Bakuchiol, Coconut Milk + Verbena Exfoliating Foot Mask, Flawless Shave Cream, Founder's Vault Bakuchiol Boosting Drops, Bakuchiol Hydrating Balm, Blackberry Sage Super Cream with Bakuchiol, Moisture Replenishing Day Cream with Bakuchiol, Renewing Mud Mask with Bakuchiol, Revitalizing Cleansing Oil with Bakuchiol, Botanical Primer with Bakuchiol, Lemongrass Sugar Scrub
Beet The Sun SPF 40 PA+++, Barrier On-The-Go Kit, Great Barrier Relief, Matcha Hemp Hydrating Cleanser, Oat So Simple Water Cream, Mini Matcha Hemp Hydrating Cleanser, Mini Great Barrier Relief, Mini Makeup Re-Wined, Mini Oil La La, Mini Kale-Lalu-yAHA, Mini Oat So Simple Water Cream, Puffy Pouch, Duo Matcha Hemp Hydrating Cleanser, Duo Beet The Sun SPF 40 PA+++, Barrier Layers, Oil La La, Kale-Lalu-yAHA, Makeup Re-Wined, Breakout Balancer, Barrier Builder
Nail & Cuticle Polishing Gloss, Full Body Nectar Serum, Full Body Melt Cream, Satinslip Hand & Foot Mask, Pomme Electrolytes Mask, Buffing Butter, Pear Glimmer Puff, Lip Milk, Jade Clean 10 Cleansing Balm, 0 Mark Body Butter, The Scented Body Set, Jade Clarifying Cleansing Powder, Jade Double Cleansers, Soft-serve Set, Refill Pod | Pomme Electrolytes Mask, 3-Step Glass Effect, Refill Pod | Clean 10 Cleansing Balm, Bubble Toner
Women's Multi, Magnesium Bisglycinate, Luscious Hair, Appley Ever After™, Men's Multi, Ultimate Immunity, Vitamin D3 + K2 + B12, Kids Super Immunity, Ashwachill, Buh Bye Stress, Restful Sleep, Supergreens Multi Gummies for Adults & Kids
Cleansing Balm, Eye Cream, Day Cream, Night Cream, Transformation Set, Temple Balm, Body Cream, Day + Night Duo, Cleansing Gel, Deep Cream, Earth Soap (1 oz. Travel Size/5 Pack), Nourishing Cleansing Duo, Gel Mask, Hydration Essentials, Haoma Starter Set, Mycelium Reset Duo, Earth Deodorant, Healing Hands Set
Build Your Own 3 Pack, Sunday Morning, Alone Time, Day Dream, After Glow, This Love, The Mini Edit, Best Sellers, Day Dream (Citrus & Vetiver) Body Wash, Eternal Summer (Coconut & Lime) Body Wash, After Glow (Raspberry & Mandarin) Body Wash, Sunday Morning (Lavender & Lemon) Body Wash, The Mini Edit, Body Wash, Mini Deodorant Discovery Set - 4 Pack, Alone Time Candle
Weekdays - GlowTour® Duo,GlowTour® Duo,Duet Baked Bronzer,Make It Happen Kit,Desert Island Duo®,Duo Brush Face,Double Standard Primer & Mascara Duo™,Getaway Glow Set,Tried & True Set,Duo Brush Cheek,Cool Blush Cheek Stain,Caught You Blushing Set,Mini LoveBeam® Perfector,Mini GlowTour® Duo,Face First Set,Mini LoveBeam® Setting Spray,Mini Desert Island Duo®,Glow + Go Set,Pout Perfect Set,Lip Love Essentials
The Icons Edit, Hyper Bond All-Day Stay Serum Foundation, Curve Blender, pHLUSH Stick, Wonder Blading All-Day Blush Stain, Dual-Ended Blush & Contour Brush, Brush and Blush Duo, Lip and Blush Stain Set, The Summer Stains, FYP Filter Powder, FYP Powder Puff, Dial-it Up Foundation Brush, Kabuki Brush, 1440 Longwear Eyeliner, WONDER BLADING All-Day Lip Stain, 360 Contour Lipliner, WONDER BLADING Top Gloss - Clear Shine, IYKYK Eyeshadow Stick, Lip Rehab Serum Oil, POWER’FULL Mascara
Alu-Tox®, Andrographis, Artemis, Artemisinin, Baikalin, Biopure CockTail®, BioPure O3 Oils® Gamma, BioPure O3 Oils® Rizol Myrrh, Brain Tincture, Brazilian Green Propolis, Cistus Incanus, Cistus Incanus Tea, Cistus & Propolis Toothpaste, Liposomal Melatonin, LipoSorb®, Livessence, ZeoBind®
Glutathione+, Hydrate Try-All Sampler, Hydrate, Clarity, Focus, Calm, B Complex, Magnesium Bis-Glycinate
Daily Hydrating & Setting Mist - Full,Refresh Wipes,Bikini & Body Scrub
"The ""No Junk""™ Kids’ Multi, The ""No Junk""™ Teens’ Multi, The ""No Junk""™ Women’s Multi, The ""No Junk""™ Men’s Multi, The ""No Junk""™ Toddlers' Multi, Kids' 3-in-1 Pre+ Post+ Probiotic, Teens' 3-in-1 Pre+ Post+ Probiotic, Women's 3-in-1 Pre+ Post+ Probiotic, Men's 3-in-1 Pre+ Post+ Probiotic, Toddlers' 3-in-1 Pre+ Post+ Probiotic, Kids' Daily Focus Brain Support, Teens' Daily Focus Brain Support, Women's Daily Focus Brain Support, Men's Daily Focus Brain Support, Kids’ Nighttime Reset Magnesium, Teens’ Nighttime Reset Magnesium, Women’s Nighttime Reset Magnesium, Men’s Nighttime Reset Magnesium, Kids' TLC Starter Pack, Men's Power-Up Starter Pack, Teens' Defense Starter Pack, Women's Wellness Starter Pack, Teens' Dream Team Starter Pack, Women's Dream Team Starter Pack, Gummy Men's Daily Focus Brain Support"
undefined
MyoGlow LED Skin Lifting, DermaGlow 7-in-1 LED Therapy Mask, VisaSculpt | Microcurrent Facial Device, Lift & Glow Guasha Pro & NoTox Serum, No-Tox | Peptide Serum, Niacinamide Activator Serum, Shine Bright Serum, Niacinamide Serum (90 Day Supply), Glide & Glow Ultra-Creamy Plumping Serum, MDD Lifting & Skin Firming Moisturizer, Silky Skin Ultra Hydrating Serum, MDD Gentle Skin Cleanser, MyoGlow LED Skin Lifting & 3 Serum Trio, Lift & Glow Guasha Pro
MOLECULAR HERO SERUM,MOLECULAR HERO SERUM DUO,MOLECULAR DISCOVERY SET,SKIN RENEWAL SET,MOLECULAR GENESIS,RETINOL SYNERGIST
No Makeup Makeup® Foundation, Foundation + Blush Flex Duo, The Classic Beauty Set, The Iconic Beauty Set, The Essentials Edit
Gardenia's Whisper, Nectar Dew, Golden Brulee, Mist Trio Bundle, JASMINE BLUES PARFUM, ETERNAL ROOTS PARFUM, SALTED MUSE PARFUM, NIGHTCAP PARFUM, BLOOMING FIRE PARFUM, WINDOW2SOUL PARFUM, ENGRAVE YOUR CAP, PERFUME STAND
Hormone Replacement Therapy, Peptide Therapy, Medical Weight Loss, TMS Therapy with ExoMind, Body Contouring (Venus Bliss Max & EmSculpt NEO), Face and Neck Contouring (Emface), Hydrafacials, Laser Hair Removal (Clarion ii), Sexual Wellness (O-Shot™ and P-Shot™ certified Provider, BTL Exilis Ultra Femme™, ThermiVa™), Vaginal Rejuvenation, Integrative Family Medicine, Skin Care, Comprehensive Concussion Management, IV Vitamin Therapy, Motor Vehicle Accident Treatment, Chronic Disease Management, Non-Opioid Chronic Pain Management, Advanced Bone Health, Lyme Disease Recovery, Exo Mind, PANS / PANDAS Treatment, Mold Biotoxin Illness (CIRS) Recovery, Post-COVID Recovery, Advanced Neuropathy Treatment, Vertebral Motion Analysis for Spinal Pain and Injury, Chronic Fatigue Syndrome and Fibromyalgia Treatments, Neuro20 PRO Smart Suit, CRPS / RSD Remission Protocol, Spinal Cord Injury Rehabilitation, Post-Stroke Neuro-Optimization, Migraine Remission, Trigeminal Neuralgia Treatment
not found
undefined
Hi-Tech Pharmaceuticals Lipodrene 90 Tabs, Hi-Tech Pharmaceuticals HydroxyElite 90 Capsules, Hi-Tech Pharmaceuticals Stimerex-ES 90 Tabs, Hi-Tech Pharmaceuticals Synadrene Fat Burner 45 Capsules, Hi-Tech Pharmaceuticals Lipodrene Elite 90 Tabs, Hi-Tech Pharmaceuticals CLA 1000 90ct, Metabolic Nutrition Synedrex Fat Burner 60 Capsules, Hi-Tech Pharmaceuticals Lipodrene Hardcore 90 Tabs, Innovative Labs Hell Fire 90 Caps, Hi-Tech Pharmaceuticals Deca-Durabolin 30 Tablets
undefined
Vivo Per Lei Facial Peeling Gel, HerStyler Argan Oil Hair Serum, OROGOLD White Gold 24K Body Butter, Venofye Blossom Bee Advanced Wrinkle Corrector, BeautyFrizz Bee Kissed Lip Care 4-Piece Set, HerStyler Argan Oil Hair Shampoo for Dry Scalp - 33.8 Fl Oz, Venofye Blossom Bee Day Moisturizer, HerStyler Argan Oil Conditioner for Women, Vivo Per Lei Manuka Honey Oil Body Lotion - With Lavender, HerStyler Argan Oil Hair Shampoo for Dry Scalp - Case of 6, HerStyler Argan Oil Conditioner for Women - Case of 6, Vivo Per Lei Manuka Honey Oil Body Lotion - With Lavender - Case of 6, Vine Vera Merlot Facial Exfoliant Peeling Gel, HerStyler Forever Straightening Flat Iron, OROGOLD White Gold 24K Multi-Vitamin Deep Peeling, Vivo Per Lei Dead Sea Salt Body Exfoliator, HerStyler Argan Oil Hair Serum for Shine and Smoothness - Pack of 4, HerStyler Baby Curls Curling Wand for Long Lasting Curls - Pink
Subtle Body Immersion with Stephanie Snyder, Sound Bath with Karen Jaffe, Book Club with Anna Hughes, Breathwork & Sound Healing Workshop with Michael Wilson, Studio Flow Memberships, Sound Journey with Karen Jaffe, Love Story Yoga Retreat with Julie Locke, Kid’s Summer Camp with Sarah Baxter, Wild & Divine: Awaken Your Shakti Vanessa Ffrench, New Student Special: 3 classes for $40, 4x / month membership, 6x / month membership, unlimited 1 month membership, unlimited 3 month membership, guest pass, unlimited monthly membership (student/teacher discount)
undefined
Juna : Nightcap Sleep Gummies, Hostage Mouth Tape, Hostage Nose Strips, Jackery Explorer 1500 V2 Portable Power Station, Jackery Explore 1000 V2 Portable Power Station, EXP96PRO APEX Battery, EXP48PRO APEX Battery, Freedom 160 CPAP Battery Kit, Transcend PowerAway Battery, Zopec Explore CPAP Battery Kits, Lumin Box : UV Sanitizer, Lumin Wand - Handheld UV Sanitizer, QardioArm Blood Pressure Monitor, EXP PRO CPAP Gear Backpack with Rain Cover, Power Supply for Resmed AirSense 10 CPAP Machines, HealthSmart® Standard Wrist Digital BP Monitor, Power Supply for Resmed AirSense 11 CPAP Machine, The Gift of Sleep, CLOUD Bamboo Organic Fabric CPAP Headgear Neck Pad and Strap Covers, CLOUD Bamboo Organic Fabric Nasal Mask Liner
not found
Vegan Hydrating & Treatment Sheet Mask (Single Mask),Acne Control Sulfur Masque,Vegan All Day Moisture and Biopeptide CL cream,Green Tea & Aloe Rapid Hydration Toner with Hyaluronic Acid & Witch Hazel,Bath Bombs/Fizzies,Bath Bombs/Fizzies (Large),Bath Bombs/Fizzies (Mini),Bath Bomb Gift Set,Shower Bombs,Holiday Bath Bomb Gift Set,Organic Vegan Loofah Soap,Organic Handmade Vegan Natural Soap,Vegan Handcrafted Scented Soap,Vegan Bamboo Charcoal Soap,Anti-Aging Moisturizer,Vegan Vitamin Wash with Aloe and Angelica Root,Vegan Revitalizing Eye Cream,Lumi-Creme Lip Gloss,Sea Sponge Soap,Vegan Action C Serum with Acerola Extract
Anti-Thinning Peptide Shampoo and Conditioner set with Biotin, Caffeine & Saw Palmetto (2 x 16 Oz), DHT Pro Shampoo and Conditioner with Procapil and Capixyl, DHT Blocker Anti Hair Loss Shampoo and Conditioner set with Biotin (2 x 16 Oz), Calcium Citrate 600mg with Vitamin D3 & Magnesium - Fast Melting Cherry Flavored 120 tablets Bariatric Friendly, DHT Pro Shampoo and DHT Original Shampoo Bundle, Methylated Bariatric Multivitamins with 45mg Iron 1 capsule a day, DHT Blocker Shampoo & Conditioner Bundle, Anti-Thinning Peptide Shampoo Anti-Hair Loss Thickening & Hydrating 16oz, Bariatric Multivitamin Iron Free With DHT Original Shampoo and Conditioner Hair Care Bundle, CoQ10 100 mg — Strawberry Chewable Tablets
Hydrating Lava Foam Facial Cleanser (Rich with Vitamin E & A), Argan Oil Facial Peeling Gel with Vitamin E & A, Vitamin C & E Booster Facial Toner, 250ml, Hydrating Red Lava Foam Facial Cleanser with Collagen and Stem Cell Technology (Rich with Vitamin E & A), Triple Acting Facial Cleansing Scrub Powered by Bio Organica Collagen Technology, Daily & Nightly Luxury Moisturizing Set, Bundle Complete Facial Care System, Luxury Soap Collection | Extreme Hygiene Anti-Bacterial Soap - (4 Pack Bundle), Daily Hydrating Moisturizer (Vitamin E & A Boosting), Luxury Body Butter Set, Black Orchid Purifying African Mud Soap | Extreme Hygiene Anti-Bacterial Soap, Purifying Facial Milk Cleanser, 250ml, Collagen Cell Renewal Cream (Treats Wrinkles & Age-Defying), Rose Skin Oil, Tanthana Plum Blossoms Skin Oil, Neroli Skin Oil, Jade Butterfly Skin Oil, Eucalyptus Skin Oil, Rosemary Skin Oil, Tea Tree Concentrated Moisturizing Facial Mask, Tea Tree Concentrated Vitamin E Booster Eye Mask
not found
The Daily Journal,The Shimmer Notebook - Pixie Pink,The Shimmer Notebook - Sparkling Sprout,The Shimmer Notebook Duo,The Fits Everything Zip Tote,The Daily Check-In,The Ta-Da! List,The Daily Journal Deluxe Gift Set
not found
TrimFit, Control, Earth+Ocean Greens, Protect Probiotic, Glow & Go, Core, Balance & Burn, Nourish & Go, Balance, Yū E-Gift Card, Yū Insulated Bottle, Yū Mixer, Yū Shaker Bottle
not found
not found
1 Class, 5 Classes, 10 Classes, Membership, 5 Class Monthly, RYT 200-Hour Teacher Training, RYT 300-Hour Teacher Training, Yin Yoga Teacher Training
not found
not found
Russian Volume 5D D 0.07 (One Length Per Tray), Russian Volume 3D C 0.10 (One Length Per Tray), Russian Volume 5D C 0.07 (One Length Per Tray), Russian Volume 4D D 0.07 (One Length Per Tray), Fabu Curved (Isolation) Tweezers, Fabu Primer Cleanser 2 in 1, Fabu Foxy 2.0 (Application) Tweezers, Fabu Activator, FABU EYELASH EXTENSIONS, Eyelash extension glue & primer/cleanser, PROFESSIONAL EYELASH TWEEZERS, Fabu Starter Kit
not found
The Glass IPL Photofacial, Mizu Cica Gel Veil, Liquid Repair Oil Veil, The Liquid Repair Essence, The Original Miracle Flat Pimple Patch, Glow V Line Facial Roller
not found
"Thompson Alchemists: Mama J's Rollin on Easy, Thompson Alchemists: Space Capsules 750MG, Thompson Alchemists: 40 Winks, Thompson Alchemists: Healing Balm+, Biafine: Topical Emulsion, Ialuset Hyaluronic Acid Creme 100g, Vitamine A Pommade, Thompson Alchemists: Classic Signature Paddle Hair Brush PETITE MIX Bristle (WHITE) 8.25""x2.5"", Thompson Alchemists: Immuno-C, Thompson Alchemists: Daily D3/K2, Thompson Alchemists: Mama J's Healing Balm, Philip B: Oud Royal Forever Shine Conditioner, Thompson Alchemists: Gin Lane Nail Polish, Thompson Alchemists: Cyril's Pink Margarita Nail Polish, Thompson Alchemists: Broadway Blush Nail Polish, Thompson Alchemists: Dune Rd. Nail Polish, Thompson Alchemists: Savannah Nail Polish, Thompson Alchemists: Dinner at Raoul's Nail Polish, Thompson Alchemists: Chiffon Nail Polish, Thompson Alchemists: Midnight Blue Nail Polish"
undefined
Lilac + Flint DRENCH | Lilac Hydra Gel,Pranvera Vitamin C,Roccoco Botanicals Sulfur Mask,BelMondo Moisture Renewal Sheet Mask,Lilac + Flint SUPPLE | Cucumber Cream Cleanser
Moroccan Argan Oil 10ml, Triple Moisturising Body Wash Travel Size, Magik Body Wash Travel Size, Rosemary Mint Revitalizing Conditioner, Rosemary Mint Revitalizing Shampoo, Rosemary Mint Revitalizing Hair Oil, Rosemary Mint Revitalizing Shampoo & Conditioner, Rosemary Mint Revitalizing Set, Rosemary Mint Revitalizing Hair Mask, Rosemary Mint Revitalizing Scalp Scrub, Moroccan Argan Oil Series, Moroccan Argan Oil, Moroccan Argan Oil Instant Repairing Hair Mask, Moroccan Argan Oil Clear Hydrating Shampoo and Conditioner, Volume Treatment Oil, Moroccan Argan Oil 50ml, Nourishing Curls Hair Oil
Green Tangerine Enzyme Cleansing Powder, Blooming Edition, Lavender PDRN Toner, Rosemary Body Care Set, Green Fit Pro Sun, Caffetinal Cream, Green Calm Aqua Cream, Vita Drop Serum, Kombu Balancing Ampoule Toner, Rosemary Relief Gel Cleanser, Vegan Collagen Youth Cream, Kombu Hydrating Daily Cleanser, Glow Melting Lip Balm, Glow Melting Lip Balm Trio Set, Hairband Cleansing Duo, Proof Duo Kit (Kaine Online Store Exclusive), Balancing & Slow down aging Duo kit
undefined
GLOW, HALT, STAG, RELIEF, COOL Body Oil, DETOX Body Oil, STRETCH Body Oil, FLORA Body Oil, HAND SANITIZER
undefined
undefined
not found
Pre-op Kit, Recovery Kit, 3-Month Supply Thrive Advanced Kit, Thrive Advanced Kit, Thrive Basic Kit, Rescue Kit, The Bundle Kit, Vitamin D3, Methyl B-12, Cal Mag Citrate + D3, Omega-3 Once Daily, Whey Protein, Super Joint Complex, Essential Nutrition Multi, Multi-Flora Probiotic, Pouch Reset, Metabolic kickstarter kit, Creatine Monohydrate, Vitamin E, Vitamin D3
not found
Manuka Honey Cream, Manuka Defense Healing Balm, Manuka Defense Healing Lip Balm, Frankincense & Sweet Myrrh Cream, Frankincense & Sweet Myrrh Infused Therapeutic Rubbing Oil, Frankincense Essential Oil - 30 ml (1 fl oz), Eucalyptus & Tea Tree Cream, Castor Oil
Detox Box, Discipline Wellness Box, Joy Wellness Box, Obedience (Stewardship Pt 2) Wellness Box, R&R Rise & Rest Box, Stewardship Wellness Box, MOISTURIZING BODY BUTTER, NOURISHING BATH & BODY OIL, ARTISAN BAR SOAP, EXFOLIATING BODY SCRUB, CLEANSING BODY WASH, AROMATHERAPY ROLL ON, HEALING BODY SALVE, REFRESHING AROMA MIST, EXFOILIATING HAND SCRUB, GENTLE FOAMING HAND SOAP, NATURAL DISINFECTANT, ANTIBACTERIAL HAND SANITIZER, SOOTHING MILK BATH, HYDRATING LIP BALM
undefined
SleevSaver Prosthetic Enhancer, VitalFit Daily Cleanser, VitalFit Day Moisturizer, VitalFitSR Liquid-to-Powder Plus, VitalFitSR Night Moisturizer, SleevSaver Prosthetic Enhancer 12 Pack, 3 Piece VitalKit™ Skin Care System – Liquid Powder Plus (for Limb Loss), 3 Piece VitalKit™ Skin Care System – Wet/Moist (for Diabetics), 4 Piece VitalKit™ Combination Skin Care System
not found
The Detangling Brush, The Smoothing Brush, The Essentials Kit, The Mini Brush, The Styling Duo, The Detangling Duo, Ballerina Detangling brush, The Glow Essentials Kit, The Mini Detangling Brush, The Round Brush
Daily Immune Boost, Mind Mag Capsules, Sleep Mag, Vitamin D3-K2, Mega-Strength Probiotic + Prebiotic Fiber®, Probiotic + Cranberry and D-Mannose for Women, Probiotic + Prebiotic Fiber for Kids
No. 1 Eau De Parfum 50 mL, No. 1 Lhuile Parfum 10ml, No. 1 Lhuile Corps, No. 1 Bougie Parfumee 80 oz, Elia Mini, No. 1 Lhuile Parfum 5ml, Elia No. 1 Candle 6.5 oz, The No. 1 Mini Collection, Amalfi Eau De Parfum 50ml, Amalfi Lhuile Parfum 10ml, Amalfi Lhuile Corps, Amalfi Bougie Parfumee 80 oz, Amalfi Lhuile Parfum Mini 5ml, Amalfi Mini 5ml Parfum, Elia Amalfi Candle 6.5oz, The Mini Set, Noir 50ml EDP, Noir Lhuile Parfum 10ml, Noir Lhuile Parfum 5ml, Noir Lhuile Corps 100ml
undefined
not found
Cedar & Sage Shampoo 500 mL,Hand Sanitizer,Cedar & Sage Shower Gel 500 mL,Angelica & Lavender Shampoo 500 mL,Goldenseal & Citrus Shampoo 500 mL,Cedar & Sage Conditioner 500 mL,Unscented Face Cream 110 mL,Evening Primrose & Raspberry Soap Bar,Cedar & Sage Hand Soap,Cedar & Sage Soap,Angelica & Lavender Conditioner 500 mL,Goldenseal & Citrus Shower Gel 500 mL
Full Body Reset, Back, Neck & Shoulder Relief, Pregnancy Massage, Membership, Cupping, Gua Sha Face Massage, Seasonal Aromatherapy, CBD Treatment, 5 Pack 60 min PRESS, 5 pack 90 min PRESS, 5 pack 60 min PRESS Pregnancy, 5 pack 90 min PRESS Pregnancy, 10 Pack 60 min PRESS, 10 pack 90 min PRESS, 10 pack 60 min PRESS Pregnancy, 10 pack 90 pack 90 min PRESS Pregnancy
True Tone Brightening Concealer, TOTAL COVERAGE™ Face+ Body Concealer, TOTAL COVERAGE™ Concealing Foundation, Iconic - 6 Well Eyeshadow Palette, Fairy Glamuva - 6 Well Eyeshadow Palette, Big Freedia Bounce Eyeshadow Palette, Happy Hour - 6 Well Eyeshadow Palette, COLORSPLURGE™ Eyeshadow Stick, Precision Eye Definer, The BLK Mermaid - 12 Well Eyeshadow Palette, Haute Heat - 12 Well Eyeshadow Palette, True Melanin - 12 Well Eyeshadow Palette, COLORSPLURGE™ Automatic Eye Lining Pencil, COLORSPLURGE™ Super Volumizing Mascara, Big Freedia Girl Down Lashes, Big Freedia Ya Besta Believa Lashes, Big Freedia Yaka Yaka Lashes, Big Freedia Just Be Free Nails, Mist Me Not Priming Mist
undefined
Reiki I & II, Seichim: Egyptian Healing Level 1, Seichim Level 2, Akashic Records Certification Level 1, Advanced Akashic Records Certification, Tarot 101, Intuitive Healing Level 1 On-Demand, Compassion On-Demand, Animal Communication On-Demand, Reiki Level 1 On-Demand, Reiki Level 2 On-Demand
Forest Water Hyaluronic Serum, Forest Alchemy Eye Cream, Botanic Buzz Hand Wash, Botanic Buzz Body Lotion, Golden Hour Recovery Cream, Brighten Up Vitamin C Serum, Fantastic Face Wash, Mountain Glow Serum, Alpine Rich Cream, Essential Face Wipes, Fortifying Gel Moisturizer, Golden Hour Body Butter, Hoppin’ Fresh Deodorant, Hoppin’ Fresh Body Wash, Sunny Start Eye Serum, Lunar Bloom Retinal Serum, Making Moves Milky Cleanser, Essential Face Tonic, Green Slate Mineral Polish, Bright & Easy 3-Minute Flash Mask
New Wash Original, Build Your Bundle, New Wash Method for All Hair Types, New Wash Method Fragrance-Free for All Hair Types, New Wash Method for Dry Hair, New Wash Method for Oily Hair, Care and Texture Set, Damage Repair Method, Richest Damage Repair Method, Healthiest Hair Method, Richest Hair Method, Clarifying Hair Method, Red Enhancing Color Boost Starter Set with New Wash Original, Brunette Perfecting Color Boost Set with New Wash Original, Rich Red Boost Set, Brunette Boosting Starter Set with New Wash Rich, Bond Boost and New Wash Original Set, Bond Boost and New Wash Rich Set, Bond Boost and New Wash Deep Clean Set, Bond Boost and New Wash Deep Clean Set, Bond Serum, Bond Boost for New Wash, Bond Boost For New Wash, Pre-Wash, Blue Color Boost, Red Color Boost, New Wash Original Purple, New Wash Rich, New Wash Deep Clean, New Wash Fragrance Free 8oz bottle, New Wash Original Refill, New Wash Rich Refill, New Wash Deep Clean Refill, New Wash Fragrance Free 20oz refill, New Wash Dispenser, New Wash Fragrance Free Refill Set 20oz, New Wash Original Mini, Massaging Scalp Brush
ProPlus Advanced Aqueous Treatment 30mL,ProPlus Eye Firming Complex 15ml,ProPlus Brightening Toner 120mL,Dual Action Exfoliator 1.7oz,ProPlus Brightening Cleanser 1.7oz,ProPlus Advanced Recovery Complex 50mL,ProPlus Advanced Defense Complex 50mL,ProPlus Collagen Booster 30mL,ProPlus Neck Firming Complex 40mL
SOUK HONEY Eau de Parfum, ISLAND MILK Eau de Parfum, CARIBBEAN SKIN Eau de Parfum, WINDOW FRUIT Eau de Parfum, SUNDAY LIME Eau de Parfum, Fragrance World Discovery Set, Milk & Honey Duo, Salt & Skin Duo, Honey & Salt Duo, Fruit & Salt Duo, Milk & Fruit Duo, Skin & Fruit Duo, FEATHERWEIGHT Hydrating Body Gloss in Orange Blossom
Liquid Mirage Color Adjusting Foundation + SPF50, Transfer-proof Airbrush Body Coverage Perfector, Liquid Mirage Glow, Passport Face Palette, Airbrush Blush, Airbrush Essentials Tint & Finish Set, Airbrush Skincare Booster Kit, 4-in-1 Complexion Brush L420, Airbrush Bronzer, Breeze Airbrush Makeup Stylus Head, Airbrush Spray Silk Foundation & Hydrating Primer Kit, Airbrush Spray Hydrating Primer, Face Time Essentials Palette
The Rich Cream,Fatty15,Kava Haven,Routine Deodorant Stick,ConcenTrace |Trace Mineral Drops,FOUNDATION Mask,Best Skin Ever,Sunny Start Eye Serum,Activated Probiotic Powder | Honey Vanilla,Deep Repair Hair Mask | Growing Season,Regenerative Oil,Liposomal Advanced Creatine | Box 24 ct,Hydrating Daily Sunscreen | Skin Repair
Clarifying Shower Ritual Kit, Hydrating Shower Ritual Kit, Grooming Clay Styling Kit, Styling Paste Kit, Texture Powder Styling Kit, Curl Cream Styling Kit, Beard Ritual Kit, Pomade Styling Kit, Sea Salt Spray, Clarifying Shampoo, Shower Oil, Clarifying Conditioner, Thickening Shampoo, Batana Oil Shampoo, Batana Oil Conditioner, Detangling Spray
La Cream,Botanical Hand Care Duo
not found
Bombshell - Body & Leg Makeup, Leg Makeup, Tinted Express Vegan Self-Tanning Mousse, Clear Vegan Self-Tanning Mousse, BB Self-Tanner Spray 150ml, Lip Plumper, Luminate Shimmer Spray
Rapid Energy Reset, Rapid Parasite Release, Rapid Liver Reset, Rapid Sinus Rescue, Relief: Fix Chronic Constipation, Rapid Gut Reset, Resilience Reset, The Mold Reset Bundle, Root Cause Self Assessments, Healing Labs
Kaia Complete, Kaia Signature, Kaia Basic & Align, Kaia Power, Ashtanga, Kaia Yoga Sculpt, Kaia Sculpt, Kaia Core, Kaia Slow Flow, Kaia Gentle, Kaia Deep Stretch/ Yin, Kaia Restore, Kaia Mindfulness Meditation, Kaia Breathwork, Sutra and Dharma Study, Kaia Prenatal Yoga, Mommy & Baby Yoga, Family Yoga, Kaia Livestream, Kaia Interactive Stream
undefined
undefined
Anubis TINTED SERUM, Mayari TINTED SERUM, Horus TINTED SERUM, Ra TINTED SERUM, Tala TINTED SERUM, Hanan TINTED SERUM, Osiris TINTED SERUM, Skin Perfecting Formula - Tinted Serum
Emotional Cord Cutting, Reiki, Somato Emotional Release, Chakra Balancing, Therapeutic Massage, Prenatal Massage, Deep Tissue Massage, Hot Stone Massage
Companion Eyelash Glue, Companion Lash Applicator, Companion Makeup Bag, Reusable Makeup Rounds (5 rounds), Smudge-free Eyeliner, Gel Pencil Eyeliner, ESQIDO Pencil Eyeliner
undefined
undefined
Cordyceps 10:1 Capsules, Lion's Mane 8:1 Capsules, Reishi 16:1 Capsules, Turkey Tail 8:1 Capsules
Vinyasa Flow, Power Vinyasa, Restorative Yoga, Gentle Yoga, Flow and Restore, Mat Pilates, Prenatal Yoga, Yoga for the Queer Community, Jivamukti Flow, Strength for Longevity, Restorative Yin Yoga
Ghost Tote, MINI ShineBoost™, L'UOVO™ Egg Shell, BeautyBands™, L'UOVO™ in Blonde Bombshell, StretchDEFY™ in Blonde Bombshell, MINI RootRenew™, miniCLAWS™ in Chocolate Tort, L'UOVO™ in Chocolate Glaze, SuperHold™ in Chocolate Glaze, MINI DailyDetox™, JELLIFY™ in All Black, L'UOVO™ in All Black, BobbyBottle™ in Cloud Drop, CATCH A CASE™ in Cloudstone, GIFTED Digital Gift Card, StrapTease™, POOL HAUS Oversized Lounge Towel, JELLIFY™ in Silver Fox, JELLIFY™ in Icy Platinum, JELLIFY™ in Vanilla Chai, JELLIFY™ in Hazelnut Honey, JELLIFY™ in Glossy Espresso, JELLIFY™ in Black Cherry, JELLIFY™ in Ginger Root, L'UOVO™ in Silver Fox, L'UOVO™ in Icy Platinum, L'UOVO™ in Vanilla Chai, L'UOVO™ in Hazelnut Honey, L'UOVO™ in Glossy Espresso, L'UOVO™ in Black Cherry, L'UOVO™ in Ginger Root, RootRenew™, SmoothBoost™, RootRefresh™, ShineBoost™, DailyDetox™, RootRevIV™, RootRestore™, MINI ShineBoost™, MINI RootRenew™, MINI DailyDetox™
Basic Training, Advanced/Professional Training, Salon Training, Eyelash Extensions, Facials, Skin Care
Magnesium Soak- 32oz, Magnesium Body Spray, Mag Muscle Creme, Magnesium Muscle Creme - Travel Size, Magnesium Body Lotion- 200ml, Magnesium Bundle, Paper Moon: Magnesium Boosted Bath Bomb, Lemon Tree: Magnesium Boosted Bath Bomb, Beyond the Sea: Magnesium Boosted Bath Bomb, Nature Boy: Magnesium Boosted Bath Bomb, Orange Colored Sky: Magnesium Boosted Bath Bomb, Ruby, My Dear: Magnesium Boosted Bath Bomb, Birthday Babe: Magnesium Boosted Bath Bomb, Olive Oil 8.5oz, Acerola Cherry Powder, Desiccated Beef Liver, Trifecta Bundle, 30 Day Magnesium Soaking Challenge Bundle + Free Tote!, Love Your Lips 4 Pack, Magnesium Body Spray + Muscle Creme Bundle
undefined
Ultimate Loops Course, The Yoga of Pregnancy, Aplicaciones Terapéuticas en español, Diving into the principles, The Body Reveals, Anusara on demand, Samudra Shakti Online, Kula Bhrājana, Meditation Training
Cardio Protocol, Ocular Shield, Metabolic Matrix, Skeletal Defense, Liposomal Vitamin D3 5000IU + K2 MK-7, Liposomal D3 10,000IU + K2 200MCG, Liposomal Vegan Vitamin D3 + K2, Liposomal Vitamin K2 MK-7 180MCG, Gut & Skin Baseline†, Vein Optimization, Clinical Hair Rejuvenation, Probiotics 200B CFU, Akkermansia Muciniphila, Women's Pre Probiotics Collagen, MAGNESIUM GLYCINATE 500MG, Magnesium Citrate 1120mg, Magnesium 10 in 1 Complex, Magnesium Citrate Gummy, Liposomal Berberine
Anti-aging Hybrid Mask/Cream, Peptid Lash XL - 3 months, Vitamin C, B, E & Ferulic Serum, Hunny Bunny Hair Gummies, Complete Vitamins Formula (60 Count)
not found
Yonex SHBAZ2MEX, Yonex SHBAZ2WEX, Yonex SHBAX2EX, Yonex SHBAZ2LEX, Victor TK-1H, Victor TK-FC LTD, Hello kitty racquet, Yonex Arc Saber 7 Pro, Victor S82II-AS Shoes, Victor GR253-3D Overgrip, Victor GR253-3A Overgrip, Victor A170 UM Blue/Turquoise, Victor Tee T-20051B, Victor Demark Open Tee T-15010D, Victor Demark Open Tee T-15010C, Victor Tee T-20052B, Victor Sports towel TW1870, Hello Kitty Bag BR-R KT AF
undefined
Free Infant Experience, Group Lessons, Private Lessons, Pre-Competitive Swim, Jr. Guard Prep
undefined
not found
Boho Blush,Garden beauty,Pearl,Blushing bride,Pretty in Pink,Peaches and Cream
Sphere Bath Bomb Mold, Donut Bath Bomb Mold, Flat Cloud Bath Bomb Mold, Daisy Bath Bomb Mold, Flat Dinosaur Bath Bomb Mold, Crescent Moon Bath Bomb Mold, Monstera Leaf Bath Bomb Mold, Llama Bath Bomb Mold, Narwhal Bath Bomb Mold, Dumpling Bath Bomb Mold, Bow Bath Bomb Mold, Hair Dryer Bath Bomb Mold, Lipstick Bath Bomb Mold, Compact Bath Bomb Mold, Nail Polish Bath Bomb Mold, Cherry Hearts Bath Bomb Mold, Christmas Tree with Bow Bath Bomb Mold, Stacked Presents Bath Bomb Mold, Mistletoe Bath Bomb Mold, Santa Blowing Bubbles Bath Bomb Mold
"FEATHER HUMAN HAIR CROCHET BRAID DEEP WAVE 18"", 100% Virgin Human Hair Bundle - Body Wave, AllDay Locks Braid Gel, Eve Hair Inc. The Scarlet French Deep Wave Bulk Human Hair Blend Braiding Hair 22"", Motown Tress Ultra HD Invisible Lace Front Wig Glueless Y-Part Gem, Zury Pre-Stretched Ultra Deep Bulk 100% Human Braiding Hair, AllDay Locks Lock N Twist Locking Gel, Re-Twist Locks, Supreme Hold, Fashion Source Human Hair Lace front Wig FLH- Elvira, Eve 7pc Silky Straight Clip-On 100% Human Hair, RastAfri Silky Braiding Hair, Zury Sis Only Body Lace Wig 22"", RastAfri Pre-Stretched Silky Braiding Hair, Fashion Source Lace Wig - Autumn, Eve Casablanca Malaysian Wave Wrap Ponytail, Zury 100% Human Hair Only Brazilian Gold Multi Pack S-Body 32"", Zury Sis Lace Wig BYD-LACE H CHILL, Fashion Source 100% Human Hair Wig KIMORA, Zury Sis 100% Human Hair Wig - HRH BRZ LACE GETTY, EDGE BOOSTER Thick & Coarse Moisture Rich Pomade, Zury Sis BYD-LACE H CRIMP 30"", Zury 100% Human Hair Only Brazilian Gold Multi Pack Straight 32"", Janet Collection Melt HD Lace Wig, LYNETTE, Zury Sis Lace Wig, GLORY, ALI 7A Single Bundle - Body Wave, Janet Collection Melt Extended Part Lace CIARA Wig, Fashion Source HDL Rhiana, Instant Control Edge & Braid Gel Maximum Hold, Fashion Source EZL-CARDI, Hollywood Zury Marley Braiding Hair, RastAfri Amazon 3X Braid 54"" Pre-stretched"
not found
Metal Body Contouring and Cryo-Massage Tool Kit – Made in Colombia, Ergonomic Wood Therapy Kit – Professional 8-Piece Body & Facial Set, Maderoflex Colombiana | NEW Woodtherapy Flex 7 PCs Kit | Flexible Rollers, Colombian Metal Therapy Rollers Body & Face 4 Pieces Massager, Made In Colombia Eucalyptus Sauna Slimming Massage Gel Extra Strong 17.5oz 500gr, Wholesale Exfoliating Gel for Hands and Elbows – Bulk Pack of 12 (225g), Wholesale Moisturizing Cream for Men – Bulk Pack of 12 (230g each), Wholesale Calendula and Orange Oil – Bulk Pack of 12 (480ml each), Wholesale Ceramiel Depilatory Wax – Bulk Pack of 12 (One Dozen 500grs each), Wholesale Cooling Firming Gel – Bulk Pack (12 Units) | Made in Colombia
Amber Body Oil, Asil Collection, Camel Milk Soap, Damascus Rose Body Oil, Oud Body Oil, Elmas Collection, Face and Body Kese
Cat’s Claw Standardized Extract, Milk Thistle, St. John's Wort, Corn Silk, Chamomile Flowers, Red Clover Blossom / Herb, Dandelion Root, Valerian Root, Wild Yam Root, CalmAid®, Alive!® Men's 50+ Ultra Multivitamin, Cortisol Manager®, Organic MCT Oil, Alive!® Women's 50+ Ultra Multivitamin, NatureWorks Swedish Bitters, DIM-Plus™, Umcka® Allergy & Sinus Relief Chewables, Allergiemittel AllerAide®, Alive!® Max Potency Complete Liquid Multivitamin, Umcka Cold Relief Hot Drink
not found
Magic Mushrooms | Legal Shrooms | Psychedelic, Pain Cream | Hand Made | Plant Infused Salve, THCA Flower | Indoor Hydro | ZaZa, THCA Flower Smalls | Indoor Hydro | ZaZa, Delta 9 Live Rosin Gummies (20 mg) | New flavor | No Solvents | Purest Form of Cannabis, Delta 8 THC Gummies (200 mg) | Very Potent Sleeping Aid | Chronic Pain, Delta 8 THC Gummies (250 mg) | Very Potent Sleeping Aid | Chronic Pain, Delta 9 THC & Delta 8 THC Combination Gummies (130 mg) | Very Potent Sleeping Aid | Chronic Pain, HHC Gummies (200mg) | Euphoric Effects| Very High Potency, Night Time Broad Spectrum Gummies (1500 mg) | Improves Sleep | THC Free, CBD Full Spectrum Gummies (1500 mg) | Improves sleep | 30 pack, Cookies brand Delta 8 THC Gummies 50mg | Super potent | 20 pieces, 1 Gram Delta 8 Dab | Fresh terpene flavor | Extremely potent – 1 gram Sour Lifter
Regenerative Serum, Anti-Aging Cream, Eye Treatment, Lash & Brow Serum
Daily Moisturizer,Coconut Lip Balm,Mint Lip Balm,Granny's Sugar Rose Lip Balm,Smooth Lip Trio
Artistic Photography, Baby Photography, Boudoir Photography, Celebrity Photography, Couples Photography, Dog Photography, Family Photography, Headshots Photography, Male Photography
Gift Card
SPF 30 Sunscreen Lotion,SPF 50 Kids Sunscreen Lotion,SPF 50+ Sunscreen Lotion,SPF 70 Sunscreen Lotion,SPF 30 Sunscreen Spray,SPF 50 Sport Sunscreen Spray,SPF 70 Sunscreen Spray,SPF 50 Kids Sunscreen Spray
Dr. Numb® Topical Numbing Cream - 30g, Dr. Numb® 5% Topical Numbing Cream - 2oz, Dr. Numb® 5% Cream - 10g, Dr. Numb® 4% Cream - 30g, Dr. Numb® 4% Topical Foam Soap
undefined
undefined
undefined
undefined
Body wash, Dispensers, Starter sets, Natural soap bars, PAUSE Hand Cleanser, PAUSE Body Wash, PAUSE Lotion, PAUSE Soap Bar
undefined
American Flag, Single Brick, Double Brick
Plump FX Bisou, Coffret Printemps Anti-Age - Peau normale à sèche, Coffret Printemps Anti-Age - Peau mixte, Coffret Printemps Magistrale, Coffret Printemps Magistrale Ultime Rose, Restructiv Plump FX - Bisou Édition limitée, Anti-Age Cera+, Restructiv Plump FX, Hydractiv Exfoliant, Hydractiv Lait Nettoyant, Hydractiv Eau Micellaire, Restructiv Vitamine C, Restructiv Collagen Boost, Restructiv C-Peptide, Magistrale Ultime Rose, Anti-Age 3 EN 1 - Peau normale à sèche, Magistrale Ultime, Anti-Age 3 EN 1 tous types de peau, Anti-Age 3 EN 1 - Peau mixte, Restructiv Niacinamide 10%
Hyaluronic Serum, Vital Clay Mask, Intense Eye Crème, Oxygen Treatment Crème, Cleansing Lotion, Exfoliating Lotion, Vital Ionic Mist
not found
MYSTIQ iLuminating Beauty Oil, PRO Brite-Plus Serum, SPF Solar Shield 30 Hydrating, PRO Exfoliating Cleanser, PRO Corrective Pads, SPF EliōDrops 30 Glow, BIO Caviar Crème, BODY Smoothing Scrub, BODY Firming Lotion, PRO Refining Eye Crème, SPF Solar Shield 30 Classic Tint, ICE Balancing Lotion, ICE Refining Masque, MYSTIQ iLuminating Cleanser, Smart Booster PDRN+, PRO Corrective Pads Multipack
undefined
Healing + Immunity Guided Audios, Ease Anxiety + Boost Immunity, Heal Faster + Optimize Rest, Dream Magnet Masterclass, Dream Magnet Workbook + Recipe, Dream Magnet Manifesting Audio, Curated Manifesting Resource List, Dream Magnet
Quench & Shine Restorative Mask, Prep & Hydrate Milky Essence, Illuminating Tinted Eye Cream, Sheer Renewal Cream, Extreme Recovery Cream, Glycolic Acid Peel Pads with Blue Agave, Jumbo Creaseless Hair Clips, Honey Nectar Radiance Mask, Renew & Replenish Clarifying Shampoo, Renew & Replenish Clarifying Conditioner, Renew & Replenish Clarifying Duo, Capsule Routine Starter Kit, Capsule AM Routine, Capsule PM Routine, The AM - PM Cleansing Duo, Vitamin C Duo, The Retinol Supreme Duo, Radiant Cleansing Balm
undefined
Bouquet Babe, Unapologetic, Brownie, Milkshake, Sugar Plum, Rose Over Bros, Exotic, Festie, Tranquility, The Pink Rolling Stone, Rose Quartz, Zen, 210 - Rose Quartz Brush, Pretty Feathered Mascara, Fine-ally Perfect, Classy, On The Go Mini Palette, 143, Boss Babe, So Ka-ute
IceCream™ Topical Anesthetic,Tag 45 Gel Topical Anesthetic,Ultra Duration™ Liquid Topical Anesthetic,Zensa Numbing Cream,PIXL Needle Cartridges,FADE Eyebrow Pigments,I ❤️ INK Brow Pigments,Perma Blend Eyebrow Pigments - Brow Shades,I ❤️ INK Brow Collection,Envy Lip Pigments,Perma Blend Lip Pigments,Perma Blend Eyeliner Pigments,Perma Blend Corrector Pigments,Sunset Brow Collection,Evenflo Colours | Lip Modifier Shades,Evenflo Colours | Brow Shades,Perma Blend Eyebrow Pigments,FADE Eyebrow Pigment Collection,Perma Blend Thin Shading Solution,Evenflo Colours | Lip Shades,Perma Blend Camouflage Pigment Shades,Evenflo Colours | Lip Color Modifier Set 1/2oz,Perma Blend Toner Pigments,Lust Lip Pigments,Perma Blend Sultry Lip Pigment Set,Sunset Brow Pigments,Perma Blend Scar Pigment Shades,Evenflo Colours | Brow Set,Perma Blend Thick Shading Solution,Evenflo Colours | Lip Set,Perma Blend Modifier Pigments,Perma Blend Luxe Ready-Set-Go Pre-Modified Brow Pigments,Perma Blend Scar Pigment Set,Perma Blend Signature Brow Set,Perma Blend Sweet Lip Pigment Set,Envy Lip Pigment Collection,Evenflo Blonde 2 Brunette Singles,Warm Black Eyeliner,Evenflo Blonde 2 Brunette Set,Evenflo Alter White,Lust Lip Pigment Collection,Perma Blend Signature Lip Set,Hanafy Eyebrow Pigments,Perma Blend LUXE Carla Ricciardone Enhance Set Singles,Perma Blend LUXE Carla Ricciardone Embody Set Singles
undefined
All Day Firming Serum, Tranexamic Acid Radiance Revival Mask, Fade Away Brightening Microneedle Patches, Hyaluronic Acid Moisture Restore Mask, All Day Cream, Age Rewind Microneedle Patches, The Mask Matchmaker, Collagen Hydrogel Face Mask, Radiance Toner, Collagen Rescue, Hand Renewal, Drench Sheet Mask, Balancing Cleanser, Back To Basics Intro Set, Quench Bio-Cellulose Mask, Collagen Hydrogel Eye + Cheek Contour Patches, Tinted Lip Oil - Float, Lights Out Cream, Age Rewind XL Microneedle Patches, Collagen Hydrogel Neck Mask
CBD Oil, CBD Gummies, Recover: High Concentration CBD Salve, Pure Chill CBD Mints, Vibrance CBD+CBG Oil, Pure CBG Isolate, Build Your Own CBD Bundle, Pure Spectrum Gift Card
Ultimate Starter Kit, Laundry Detergent, Concentrate & Oxygen Boost, Premium Starter Kit, Dishwasher Tablets, Wool Dryer Balls, Ultimate Starter Kit in Glass, Premium Starter Kit in Glass, Cleaning Essentials Kit, Cleaning Essentials Kit in Glass, Laundry Kit, Laundry Kit in Glass, The Concentrate, The Bestsellers Bundle, Oxygen Boost, Full Restock Bundle, Gel Hand Soap Refill, Laundry Detergent (2 Pack), Concentrate, Laundry & Dish Tabs, Natural Scrub Brush
Multi-Retinol Night Emulsion, Barrier Restore Serum, Vitamins C+E+Ferulic Serum, Balancing HypoTonic, All Day Age-Delay Emulsion, Soothing B3 Serum, Rejuvenating Night Oil / Extra Healing, Pre + Probiotic Daily Mist, Protective Day Oil, Barrier Lipid Complex, ColorFree Zinc SPF 32, Pure + E.O. Free Oil Cleanser, C-Therapy Serum, Gentle Retinol Night Serum, Body Barrier Emulsion, Replenishing Oil Cleanser
The Gentle Wave, The Deep Curl, The Kinky Straight, The Wig Fix, The Bamboo Wig Cap, The Pony Cuff, The Mirror Comb, The Gift Card
undefined
Only Sunshine, Rose Era, Coco Shimmy, Citrus Circus, Tart Deco, Vow Factor, Honey Suite, 2%, Hot Cakes, Vanilla Vice, Gentle Reminder, Heal The Way, Me, Sweet Ash, Golden Ticket, Suganami, Lucky Streak, Crunch Time, Extra Whip, Hazel Split, Frooty Call, Spray Tan, Berry Styles, Sweet Ash Super, Instant Karma, Off The Grid, Way With Woods, Birds And The Breeze, Mornings At Levain, Prenup, Ditch Plains, Guilty Pleasure, Big Flirt, Old Money, Signature Spin, Rain Check, Midnight Grind
Higher Standard Cream and Powder Multidimensional Blush Duo, Bright Start Creamy Buildable Airbrush Concealer, No Limits Cream Bronzer Stick, Triple Fix Blurring Skin Tint Foundation Stick, Higher Standard Cream Glow Blush Stick, Uplifted Pre-Glued Lash Clusters, Speak Love Lip-Plumping Glossy Lip Balm, Speak Love Smooth Glide Lip Liner Pencil, Speak Love Moisture Matte Lipstick, Speak Love Glossy Lip Treatment Oil, Lash Confidence Volume + Length + Curl Clean Mascara, Secure Brow Shape + Hold Clear Brow Gel, Secure Brow Eyebrow Pencil, Speak Love 3pc Matte Liquid Lipstick Set, Complexion Brush, Bright Start Replacement Sponges 3-Piece Concealer Sponge-Tip Replacement Applicator Set, LYS Confident Precision Setting Powder Puff, Confident Sealer Lash Applicator Tool, Buffing Foundation Brush, Powder Brush, Sculpt/Bronzing Brush
"Hair Thickening Fibers, Hairline Powder, Volumizing Styling Powder, Thicken + Texturizing Spray, Hairline Powder Color Sample Kit, Thicken + Volume Shampoo, Nourishing Leave-in Serum, Thicken + Volume Conditioner, Build & Conceal Bundle: Hairline Powder & Hair Fibers, Dry Texturizing Spray, Hair Thickening Fibers Color Sample Kit, The ""Reverse Wash"" Volume System, Hair Boost Serum, Deluxe Hairline Powder Brush (Four Ended), Hairline Powder 4g, Root Boosting Spray"
SkinTightening Beach Glow Balm, SkinRecovery Make It Vanish Power Cream with EraseComplex, SkinRecovery Universal Clarifying Face, Body + Scalp Spray, SkinReserve Retinol + Ferulic Face & Body Crème, SkinRecovery Night Shift High Dose Concentrate Gravity Reset, Advanced Resurfacing Microderm Treatment, SkinRecovery Relax + Repair Body Balm with Magnesium + Melatonin (75 mL), SkinRecovery Relax + Repair Body Balm with Magnesium + Melatonin, Lift-TOX SkinFirm Body Lifting Treatment, SkinRepair Double Retinol + Collagen Face & Body Treatment, SkinToning Body Butter - 300 mL, SkinInfusion Power-Blend Serum Elixir, Lift-Tox Multi-Power Firming Rich Cream, SkinRecovery Total Body Magic Spray, Skip The Line Instant Coverage Plumping Velvet Serum-Infused Foundation, Collagen Defense 25% Vitamin C Complex Serum
SPF Ultra Lip Kit Duo, SunGlaze Hydrating SPF 30+ Lip Gloss, SunSeal Moisturizing SPF 30+ Lip Balm, TINT Sunscreen, TINT Sample Shade Kit
STARBEAM Illuminating Body Gel,Lip Syrup Moisturizing Peptide Therapy,Sunlit Glow Baked Luminous Blush,Royal Dansk® Cookie Tin Creative Beauty Palette,Sunlit Radiance Glow Balm,Glitter Gala Face Palette,Electric Disco Pressed Glitter Palette,GNO Serum Foundation,Perfect Cover Hydra Concealer,Brow Lift Setting Glue,Sparkle Party Glitter Gel,Jelly Much Hydrating Lip Oil,Dewy duo - 2 piece lip oil set,Stay Blushin! Lip and Cheek Cream Blush Keychain,Solful Face Sun Lotion,Polar Pop Cooling Stick,Snail Mucin Serum,ABC Vitamin Serum
undefined
Le Skin Weightless Serum Foundation, Underpainting Face Palette, THE COMPLETE COLLECTION, Lip Ciggy Sheer Lipstick Balm, The Overliner Lip Pencil, Brushes, Underpainting Dual-Ended Sculpting Brush, The Foundation Brush, The Cream Blush Brush, Lip Ciggy - Tickled Pink, Lip Ciggy - Love Bites, Lip Ciggy - Cherry Pie, Lip Ciggy - Slow Burn, Lip Ciggy - Crush, Lip Ciggy - First Base, Lip Ciggy - Overdrive, Lip Ciggy - Lose My Breath, The Overliner - Skinny Dip, The Overliner - French Exit, The Overliner - Bittersweet
XC15, FSA0.45, PA5.1, LH2.0, FSA2.0, BR0.05
NMN Pure Powder, NAD+ Complete, NMN Liposomal Capsules, NR, Trans-Resveratrol, Senolytique, CoQ10, Renue Blue Body Moisturizing Cream, Renue Blue Face Serum, NAD+ Complete Nasal Spray, Energizer AM, EGCG Green Tea, Shield, Quercetin, Apigenin, Fisetin, P.E.A., Vitamin C, Hesperidin, TMG Methylation Essentials, D3 & K2 Gel, Total NAD+ Restoration Protocol
not found
undefined
Fracas Eau Fraîche, Fracas Eau de Parfum, Fracas Parfum Extrait, Fracas Moisturizing Body Lotion, Fracas Traveler Duo Coffret, Fracas Brume Pour Cheveux Luxueuse/Luxury Hair Mist, Fracas Coffret Elegance, Fracas Mini Candle Set, Fracas Le Coffret Opulence, Fracas EDP & Body Lotion Gift Set, Fracas Platinum Anniversary Edition, Fracas Moisturizing Body Lotion Gift Set
My Sleep Routine - Limited, Sleep Support System - Magnesium Butter, Steamers & Lip Balm, Magnesium Discovery Duo - Body Butter & Facial Oil Kit, Magnesium Body Butter for Sleep, Eczema Relief Salve - Calendula, Manuka Honey & Hemp Oil, Arnica Oil - Natural Pain Relief & Muscle Recovery Oil, Room & Linen Spray - All Natural Aromatherapy Mist, Scotty P's Coffee - Premium Grade 1 Single Pack, Healing Hand & Foot Cream - Hydrating Natural Glycerin Formula, Goat Milk Luffa Soap - Hydrating, Vitamin C & E, Nourishing, Shower Steamers - Essential Oil Aromatherapy Tablets, Natural Lip Balm - Hydrating All Natural Formula, Trinity Biological Skincare System, Facial Oil Sample Kit - Holy Grail 3-Night Trial
undefined
Allday Locks Feel So Silky Liquid Styling Gel 7.7 oz., Difeel Elevated Batana Conditioner 12 oz, The Doux Dear Mama Moisture Milk 12 oz, The Doux Fast Forward Heat Prep Conditioner 8 oz, RA Cosmetics Batana Oil 2in1 Shampoo & Conditioner 8oz, So Cozy 3in1 Shampoo-Conditioner-Wash 10.5 oz, So Cozy Swim Leave In Treatment Spray 8 oz, So Cozy Swim 3in1 Shampoo-Conditoiner-Wash 10.5 oz, So Cozy Curl Conditioner 10.5 oz, Skala Mais Cacho 2 in 1 Treatment + Leave In 35.2 oz, Skala Mais Crespos 2 in 1 Treatment + Leave In 35.2 oz, Tgin Miracle RepairX Strengthening Conditioner 13 oz, Mielle Rosemary Mint Strengthening Conditioner 12 oz, I-Envy Super Strong Waterproof Glue Black KPEG21, VLuxe VLE Extended Serum-Infused Bond & Seal VEB03, Salon Pro 30 Sec Eyelash Glue Clear 2 oz Single, Salon Pro 30 Sec Eyelash Glue Clear 1 oz Single, Salon Pro 30 Sec Eyelash Glue Dark 1 oz Single, i-ENVY Tip Adhesive Eyeliner, i-ENVY Cluster Palette Mascabond
undefined
Matcha PDRN Bubble Essence, Matcha PDRN Pore Steaming Cleansing Balm, BARRIER LOCK Rice PDRN Milk Cream, BARRIER LOCK Rice PDRN Milk Essence, Matcha PDRN Duo, BARRIER LOCK Duo, Limited Edition - Bungeoppang LIPLOCK Jelly Serum, LIPLOCK Bundle Builder, Matcha Latte PDRN Routine, Right Away Duo, Refine & Reset Duo, LIPLOCK Jelly Serum, RIGHT AWAY Thincognito Spot Patch, RIGHT AWAY Microtip Spot Patch, SQUARE ONE Soothing Toner
Weight Loss Treatments, Injectables, Hormone Replacement Therapy, Supplement Injections & IV Therapy, Semaglutide Injections, Tirzepatide Injections, Microdosing, BOTOX Cosmetic, B12 injections, MIC injections, IV Therapy, Immunity Kit, Inner Beauty Kit, Quench Your Thirst Kit, Hangover Kit, Recovery and Performance Kit, Toradol, Zofran, LipoB injection, B supplement injection
not found
undefined
Bathtime Babies, Level 1A, Level 1B, Level 2, Level 3, Level 4, Level 5, Level 6, Level 7, Level 8, Level 9, Level 10, Level 11, Swim Team Prep, Weekly Swim Clinics, Private Lessons, Adult Swim Lessons
INSAND Perform Zip Hood, INSAND Black Puffer (Women's), INSAND Black Puffer (Men's), INSAND Classic Logo Tee – Bella + Canvas Tri-Blend, INSAND Riverside Hat, INSAND Classic Unisex Long Sleeve Tee, INSAND Unisex Long Sleeve Tee, INSAND Icon Stainless steel water bottle with a straw lid, Billest Gresham [ X ] INSAND Move Together Favicon, Women's Icon Sueded Fleece Sweatshirt, INSAND Unisex hoodie, Icon Florence Parachute Quilted PrimaLoft® Anorak Jacket *LIMITED*, Women's Icon Crop Tee, INSAND Icon Unisex t-shirt
not found
SLEEP TINCTURE 2300MG, CARDIO TINCTURE 1500MG, ORIGINAL TINCTURE 1500MG, RED SOOTHE PAIN GEL ROLL-ON
BOROUX Legacy™ Water Filter System, BOROUX Foundation™ Black Filters, BOROUX Proactive Fluoride Filter, Shower Filter System, BOROUX Automatic Priming Pump, Glass Water Bottle - 1L, Move Sleeve + Bottle, Stainless Steel Cups, Stainless Steel Stand, Premium Teak Wooden Stand
CLIP IN HAIR EXTENSIONS,TAPE IN HAIR EXTENSIONS,NANO BEAD HAIR EXTENSIONS,SEW IN HAIR EXTENSIONS,I TIP HAIR EXTENSIONS,BEADS BY SIZE,NBR,SEW IN INSTALLATIONS,DREADLOCKS & BRAIDING,CLEARANCE
Bossy Wave Bundle, Empress Kinky Curly Bundle, Goddess Natural Wave Bundle, Kween Kinky Straight Bundle, Luxury Loose Deep Wave Bundle, Pearl Curl Bundle, Royal Wave Bundle, Snazzy Straight Bundle, 13 X 6 RICH GODIVA WIG, 613 BLONDE WIGS (13x6 HD lace ), Bossette Lashes, Bossette Bonnets, Bossette Hair Brush, Bossette Hats, Bossette keychain, Bossette keychain “Big B”, Bossette Mask, Bossette phone poppers, Edge Scarves, Lace Band
AirMini™ AutoSet™ Travel CPAP Machine,ResMed AirSense™ 11 AutoSet™ CPAP Machine,AirFit™ P10 Nasal Pillow CPAP Mask,Lunar Monarch CPAP Pillow,Go-Battery Universal Single Night CPAP Battery 92.5 WH 2 Pack,AirFit™ F20 Full Face CPAP Mask,AirSense™ 10 AutoSet™ CPAP Machine With HumidAir (Card-to-Cloud Version),AirFit™ N20 Nasal CPAP Mask,Go-Battery Universal Single Night CPAP Battery 92.5WH,AirFit™ P30i Nasal Pillow CPAP Mask,Vitera Full Face CPAP Mask,Eson 2 Nasal CPAP Mask System,Inogen One G4 Portable Oxygen Concentrator,Inogen One G5 Portable Oxygen Concentrator,Inogen Rove 6 Portable Oxygen Concentrator,Inogen One G5 Double Battery,Inogen One G5 Single Battery,Inogen At Home Oxygen Concentrator,Inogen One G5 Particle Filter,Inogen One G5 Carry Bag,Inogen One G4 Output Filter Kit,Salter Labs Cannula with 4' Tube - Adult,NEXT Portable Oxygen Concentrator,Fit Portable Oxygen Concentrator,Inogen One G5 Backpack,Salter Labs Cannula with 7' Tube - Adult,Inogen One G5 External Battery Charger,Inogen One G5 Replacement Columns,Inogen One G4 Hip Bag,Inogen One G4 External Battery Charger,Inogen One G4 Replacement Columns,Inogen One G4 Carry Bag,Inogen One G4 Single Battery,Inogen One G4 Double Battery,Inogen One DC Power Cord,Inogen At Home 5L Gross Particle Filter,Inogen At Home 5L Inlet Filter,Inogen at Home 5L Replacement Columns,SimplyGo Portable Oxygen Concentrator Bundle,SimplyGo Mini Portable Oxygen Concentrator Bundle,Millennium M10 Oxygen Concentrator Bundle - 10 LPM,Lunar Essentials Cleaning Bundle,Lunar CPAP Soap With Aloe,Lunar CPAP Wipes 70 Pack,Lunar CPAP Travel Size Wipes,Comfort CPAP Bundle,Lumin CPAP Mask and Accessories Sanitizer,Contour Flat Pack CPAP Wipes 72 Wipes,Purdoux CPAP Soap Green Tea & Mint,Purdoux CPAP Soap Citrus,CPAPology Monty Elite Tube Brush 15mm - 22mm,CPAPology Monty Elite Tube Brush 12mm - 15mm,Extra Essentials CPAP Cleaning Bundle,Lumin Bullet UV Hose Cleaner,Lunar CPAP Tube Brush 15mm to 22mm
1 hour of fully personalized coaching, 3 Month Membership, Spring Photoshoot Special
MEDICUBE Collagen Jelly Cream, SUNG BOON EDITOR Deep Collagen Power Boosting Mask, MIZON Cicaluronic Non-Nano Sunblock SPF 50+ PA+++, BIODANCE Collagen Gel Toner Pad, ROUND LAB Birch Moisturizing Pad, HEIMISH RX Hyaluronic Acid Hydrating Sunscreen SPF50+ PA++++ 50ml, MIXSOON Centella Asiatica Toner, ANUA Peach 77 Niacin Enriched Cream, ANUA HEARTLEAF 70% INTENSE CALMING CREAM, Vitamasques Ultra Hydrate Watermelon Face Pads, Pyunkang yul highly moisturizing essence mask, Earth's Harbor Mermaid Milk Nutrient Glow Moisturizer, BIODANCE REFRESHING SEA KELP REAL DEEP MASK, BEAUTY OF JOSEON RED BEAN REFRESHING PORE MASK, BEAUTY OF JOSEON GROUND RICE AND HONEY GLOW MASK, BEAUTY OF JOSEON APRICOT BLOSSOM PEELING GEL, BEAUTY OF JOSEON GLOW REPLENISHING RICE MILK, ANUA RICE ENZYME BRIGHTENING CLEANSING POWDER, ANUA NIACINAMIDE 10%+TXA 4% Serum, MIGUHARA Vegan Moisture Barrier Repair Ampoule
undefined
undefined
not found
BoomBuds® - Tidal Black, BoomBuds® - Frost White, BoomBuds® - Ocean Blue, BoomBuds® - Coral Pink
Organic Liquid Foundations – Aloe Based, Organic Cream Concealer, Organic Brow Powder, Organic Concealer shades in one pencil, Organic Eye Shadow, Organic Pressed Blush, Organic Luminizer Pots, HYALURONIC ACID SERUM- Hydration + Age defying, HYALURONIC & KOJIC ACID - Brightening Serum, VITAMIN C SERUM - Pigmentation Treatment and Collagen Booster, 2.5% RETINOL SERUM - Anti-Wrinkle
Cutie Spot Stickers, Groovy Spot Stickers, Fruity Spot Stickers, Spot Sticker Trio Bundle
DERMALOGICA Antioxidant Hydramist, DERMALOGICA Skin Perfect Primer SPF 30, DERMALOGICA Special Cleansing Gel, DERMALOGICA Precleanse, DERMALOGICA Skin Smoothing Cream, DERMALOGICA Smart Response Serum, DERMALOGICA Intensive Moisture Balance, DERMALOGICA Active Moist, DERMALOGICA BioLumin-C Serum, DERMALOGICA UltraCalming Cleanser, DERMALOGICA Daily Glycolic Cleanser, DERMALOGICA Super Rich Repair, DERMALOGICA Multivitamin Power Firm, DERMALOGICA Daily Milkfoliant
undefined
Icarus | Acid Wash Oversized Tee,NutraOne 100% Whey Protein — Fast-Digesting Blend (2lb),Meal Replacement Light — Dairy‑Free Protein Shake,Project PCT,Mass Construction Bulk Stack,Sweat Ethic Lean Stack,Her Haus Performance Stack – Women’s Training Bundle,Reset Stack | Detox, Fat Loss, Sleep Bundle (Exclusive)
not found
Exfoliating Beldi Buff Moroccan Black Soap + Kessa Mitt Glove
Vegan Retinol Serum,Soothing Face Balm,Detox Clay Mask,Biodegradable Dry Facial Cleansing Cloths,Clarifying Serum,CEF Illuminator,Soothing Serum,H∙A Serum,Rejuvenating Peptide Serum,Botanical Exfoliant,Purifying Facial Cleanser (Oil-free),Soothing Hydrating Mist,Synergistic Botanical AHA/BHA Lotion,Revitalizing Eye Cream,C•P•R Serum
ORIBE, OLAPLEX #3, SEBASTIAN / NIOXIN
Premium Upper and Lower Retainer Set,Upper and Lower Retainers Set,Premium Upper Retainer,Upper Teeth Retainer,Premium Lower Retainer,Lower Teeth Retainer,Upper and Lower Retainer-Night Guard set,Upper Retainer-Night Guard
Roving Set - Rainbow, Roving Set - Holiday, 38 Gauge Spiral Felting Needle, Wool Roving Single Color Packs (see all colors), 38 Gauge Triangular Felting Needles, Roving Set Fuchsia, 40 Gauge Triangular Felting Needles, Felting Foam 8x10, Roving Set Autumn, Needle Felting Foam 6x6, Starter Kit - Sleepy Sheep (includes foam pad), Felting Kit Chimpanzee, Roving Set - Neutral, Needle Felting Kit - Mermaid, Needle Felting Kit - Chickens, Needle Felting Kit - Fairy, Roving Set - Tropical, Needle Felting Kit - Blue Heron, Starter Kit - Ladybugs & Bees (includes foam pad), Felting Kit Chickadee
not found
BASIC DARK SPOT TREATMENT, ACNE KIT, DARK SPOT FULL TREATMENT, SKIN LIGHTENER, SOLAR BLOCKER, SKIN EXFOLIATOR, SKIN RELIEF, SKIN RENEWING SERUM, ANTI-AGING, FACIAL WASH, EYE FIRMING, FACIAL TONER, VITAMIN K, ALPHA HYDROXY, DARK SPOT TRAVEL KIT, AGE PREVENTION KIT
undefined
Slow Girl Summer
LETSFIT LIFE E46 Smart Watch As Seen on HSN, Letsfit E42 Black Bluetooth Smartwatch as Seen on HSN, Letsfit Non Slip Yoga Mat with Dual Layers
AllerDx, AgmaSet®, SUPER SINEX), AVIIR (60 Capsules), Vitamin C Alka-C Capsules (120 ct), Akkermansia, BPC-157 + TB-500 (1 fl oz / 30 ml), BPC-157 + KPV Combo (1 fl oz / 30 ml)
Tattoo Garden Gift Card,Tattoo Garden OG Logo Apparel,Lizard Wizard Apparel,TG Tentacle Logo Apparel,Geo-Mushroom Apparel,Tattoo Garden Logo Beanie,Temporary Tattoos,Unicorn Page (free),Impossible Objects (free),Bands for Coloring (free),Primal Flowers (free),Bubbles from the Future (free),Geared to Color (free),Deco coloring page (free),Tattoo Garden Coffee Mug
Pastel Tradition - A Florist Original,Clear Skies Bouquet,Precious Petals Bouquet with Luxe Swirl Vase,Happy Day Bouquet,You're Precious Bouquet,Sun's Out Bouquet,Sunset Serenade Bouquet,Florist Original Mixed Bouquet,Classic Ivory – A Florist Original,Botanical Dream Bouquet,The Wondrous Nature Bouquet,Written in the Stars Bouquet,Sweet Roses Bouquet,Red Rose Boutonniere,Rose Charm Corsage,Veronica Boutonniere,Gelato Bouquet,White Rose Boutonniere,White Mini Cymbidium Boutonniere,Gardenia Boutonniere
Post-Clinical Treatment Kit, Skin Karma Cleanser, Skin Renew Cleanser, All In One Micellar Cleanser, Skin Renew Cream with Rejuvenating Apple Stem Cells, Miracle Collagen, Collagen Eyes, Collagen Lips, Application Mitt
undefined
Beauty Bar Custom Facial, Express Facial, Chemical Peel, High Frequency Add-On, Back Facial, Eyebrow Wax, Lip Wax, Chin Wax, Lip & Chin Wax, Eyebrow & Lip Wax, Eyebrow, Lip & Chin Wax, Sideburn Wax, Hairline Wax, Ear Wax, Underarm Wax, Arm Wax – Half, Arm Wax – Full, Back Wax, Chest Wax, Stomach Wax
S8 Tattoo Stencil Transfer Solution 2 in 1 Formulation - 50 Count, S8 Tattoo RED Stencil Transfer Solution 2 in 1 Formulation - 8 oz Bottle, S8 Stencil Bundle, S8 Stencil Printer | 8 Series - Wireless, S8 Stencil Printer Battery, S8 Stencil Printer | 8 Series - USB
undefined
not found
Monetary Vouchers, ESPA massage, glowing facial, private pool session, afternoon tea, brunch, cocktails, hot stone massages, relaxing facials, Crystal Clear treatment, nails, waxing, tinting, lifting services
Teen Period Underwear Hipster Bundle | 7pc, Period Swimwear Racerback | Bae Watch, Monthly Period Kit | 12 Months, Teen Period Underwear - Hipster | Ruby Stripe, First Period Kit + Teen Underwear, Teen Period Swimwear Racerback | Aztec, Women's Period Underwear, Bikini Period Underwear, Hipster Period Underwear, Brief Period Underwear, High-Waist Period Underwear, Women's Period Sleepwear & Loungewear, Women's Period Activewear, Athletic Wear, Women's Period Swimwear, Women's One Piece Period Swimwear, Women's Two Piece Period Swimwear, Women's Period Swimwear Bottoms, Women's Plus Size Period Underwear & Clothing, Teen Period Underwear, Teen Period Swimwear
Stoggles Square, Stoggles Round, Stoggles Rectangle, Stoggles Cat Eye, Stoggles Aviator, SunStoggles Square, SunStoggles Round, SunStoggles Rectangle, SunStoggles Cat Eye, SunStoggles Aviator, Monochrome Square, Monochrome Round, Stoggles Strap, Folding Case
Collagen Re-Inforce 3D Crepey Eye Lift, Collagen Re-Inforce 3D Advanced Face Lift Day Cream, Caviar Cellular Recharge Super Night Cream, Torricelumn Absolute Miracle 02 Eye Serum, Intensive Hand & Foot Cream, Collagen Re-Inforce 3D Lip Oil, Torricelumn Absolute Cleansing Balm, Vitamin C Hydra-Moist Gold C High Performance Concentrated Serum with Ferulic Acid, Royale Imperial Honey Concentrated Serum, Supreme Essence of Torricelumn™, Collagen Re-Inforce 3D Advanced Face Lift Day Cream 100mL, Supreme Cell Vitality Bath and Shower Gel, Collagen Re-Inforce Bath & Shower Gel, Royale Imperial Honey Body Cream, Vitamin C Gold C Body Cream, Wonder Effect Foot Cream with Silver, Collagen Re-Inforce Perfect & Protect Hand Cream
not found
Hydrate Body Wash - Eucalyptus Peppermint, Energize Body Wash - Grapefruit Orange, Hydrate Body Cream - Unscented, Detox Body Soap, Gentle Shampoo - Unscented, Clear Guard Sport Spray SPF 40, Hydrate Body Wash - Unscented, Invisible Mineral SPF 50, Gentle Conditioner - Unscented, Volumize Shampoo - Lavender, Firming Body Cream - Rosemary Mint, Hydrate Body Cream - Citrus Vanilla, Detox Facial Bar, Clear Moisture Mineral Spray SPF 30, Detox Body Scrub - Rosemary Mint, Hydrate Body Cream - Eucalyptus Peppermint, Hydrate Body Cream - Lavender, Firming Body Cream - Orange Cedar, Calm Body Cream - Vetiver Geranium, Energize Body Cream - Grapefruit Orange
Mini Must-Haves: Summer Edit, Forever Firm Set, Limited Edition 6-Piece Mega Bag, Rapid Radiance Set, Plump + Hydrate Set, Uplifting Glow Set, Summer Glow Trio, Best of Biossance Trio, Eye Revival Duo, Gold Standard Duo, Daily Firming Ritual, Plump + Hydrate Duo, Double Cleansing Set, Anti-Aging Core Routine, Moisturizing Core Routine, Brightening Core Routine, Protective Daytime Core Routine, Anti-Aging Overnight Core Routine, Clarifying Core Routine, Fresh Start Routine
Self Tanner Body Lotion Kit with Applicator Mitt,Self Tanner Drops,Self Tanner Mousse Basics Bundle,Shower Steamers (7-Pack),Vegan Cleansing Face Scrub,Superfruit & Sea Kelp Face Wash Gel,Coffee Bean Eye Cream,Self Tanner Body Mousse,Body Wash Shower Gel,Sea Salt Spray Hair Texturizer,Self Tanner Body Lotion,Self Tanner Body Spray,Face Self Tanner Lotion,Self Tanning Water Bronzing Face Mist,Self Tanner Face Serum,Invisible Matte Barrier Defense Ceramide Sunscreen Serum,Barrier Protection Mineral Sunscreen Duo,Barrier Protection Mineral Body Sunscreen,Barrier Protection Hydrating Mineral Face Sunscreen,After Sun Cooling Spray
The Ayurvedic Essentials, The Best Sellers, Nourish Crème Riche, Radiance Face Serum, Eternal Glow Cream, Ritual Body Oil, Golden Glow Eye Balm, Essential Cleansing Oil, Cleanse, Tone and Glow, Adaptogenic Brightening Mask, The Ayurvedic Double Cleanse, Golden Milk Cleanser, Essential Balance Toner, Lip Karma, Radiance Eye Cream, Restorative Sleep Mask, On the Glow Set, Sacred Flower Face Oil
undefined
Mandarin Vitamin C+E Hydration Cream, Vegan Lip Butter, Green Tea Relief Moisturizer, Airfit Invisible™ Sunscreen SPF 50, Vegan Lip Treatment
BEAUTÉ Signature Candle, Blush Bundle - Attraction, Blush Bundle - Bliss, Blush Bundle - Mood, Core Complexion Bundle, D'on Cosmetics Gift Card, D'on Cosmetics® Windbreaker - Black, D'ON® Compact Mirror, D'ON® Dual Foundation & Powder Brush, D'ON® False Eyelash - Catherine, D'ON® False Eyelash - Dezzie, D'ON® False Eyelash - Donna, D'ON® False Eyelash - Laquita, D'ON® Lip Kit - Cairo, D'ON® Lip Kit - Madrid, D'ON® Lip Kit - Tokyo, D'ON® Loose Setting Powder, Prism Puff™ Extra Large Velour Puff, Prism Puff - Pro Kit Bundle, Makeup O'Clock - D'ON® Crewneck
Les UV Glow Drops, Le Rituel Double Nettoyage, Le Sérum Frais, Le Gant en Soie, La Boisson Beauté Cure détox - Le thé, La Boisson Beauté Cure détox - L'infusion, La Boisson Beauté - Cure Détox : Rituel du matin et du soir, LE GANT EXFOLIANT EN SOIE VISAGE
The Bathhouse Ritual, Dry Body Oil, Exfoliating Body Duo, The Body Lotion Aquaxyl™ Advanced Hydration, Body Wash
Invisible Mineral Sunscreen SPF 50, Oil Control Balancing Shampoo, Oil Control Balancing Conditioner, Skin Renewing Brightening Lotion with SPF 30, Gentle Hydrating Shampoo, Gentle Hydrating Conditioner, 2-in-1 Anti-Dandruff Hydrating Shampoo and Conditioner, Anti-Dandruff Hydrating Shampoo, Hydrating Hyaluronic Acid Water Gel
not found
undefined
undefined
RE-CREATION LIP TREATMENT, MINERAL BAKED POWDER MATTE BRONZE, INVISIBLE BLOTTING POWDER, MINERAL BAKED BRONZER SOUTH COAST, Mineral Foundation Powder 10 | Very Light, Mineral Foundation Powder 15 | Light, Mineral Foundation Powder 70 | Dark, Brush Face | Powder, Brush Face | Foundation, Brush Face | Blender Brush, Brush Face | Angle Blush, Brush Face & Eye | Conceal, Lipstick Festive Flirt, Lipstick Midnight Soirée, Lipstick Sombrera, Lipstick Velvet Glam, Lipstick Ballroom, Lipstick Dulce Amore, Lipstick Sweet Amber, Lipstick Canela
Hair Styling Duo - CLAY, Hair Styling Duo - GRIT, Hair Styling Duo - PASTE, Hair Styling Duo - WAX, GRIT, PINEWOOD BODY MIST, PALO SANTO BODY MIST, EUCALYPTUS & BERGAMOT BODY MIST, Body Mist Trio
Complete Skincare System,Breadfruit Body Butter,InflorEssence Clarifying Gel Mask,Trial Kit,Breadfruit Body Butter + Trial Kit,InflorEssence Moisturizer + Trial Kit,InflorEssence Serum + Trial Kit
undefined
Glutathione Radiance Cleanser, Glutathione Radiance Serum, Glutathione Radiance Cream, Glutathione Radiance Range, Glutaweis Glutathione Intense Repair Travel Set Rejuvenate + Repair, Glutaweis Glutathione Essential Recovery Travel Set Recovery + Repair, Glutaweis Glutathione Radiance Routine Gift Set Skin Health + Radiance, Radiance Cream Mini
YOUTH RESET, YOUTH DAILY, L.A.D.R., BLUE PEPTIDE SPRAY, EYEC.A.R.E., VAMPIRE EXOSOMES, ADAPTOGENIC CLEANSER, YOUTH FIRMING BODY CREAM, HYPERBARIC MASK, BIO-SHIELD SPF 40
Waterfall Glacier Water Cream, Yuzu Vitamin C Sleep Mask 50ml, Yuzu Vitamin C + Water Blossom Serum, Rub-A-Dub Refining Peel Gel 75ml, Pore Clarifying Toner 125ml, Pore Active Treatment 50ml, Rise + Shine Gentle Cleanser 120ml, Yuzu Vitamin C Bright Milky Rice Toner 125ml, Carrot + Niacinamide Moisture Cream 50ml, Pretty Pop Probiotic Power Whipped Cream 45ml, Açai Berry + Oats Anti-Oxidant Gel Cleanser 150ml, Wide Awake Brightening Eye Cream, Yuzu Vitamin C Jelly Essence Face Mist, Multi Peptide Repair Treatment Cream
Immunity Potion (Single), Immunity Potion (Twin Pack), Immunity Potion (Family Pack), Ionic Copper Bristle Body Brush, The Detox Box, Immunity Potion Mini Bundle (5 pack), Immunity Potion Mini, Pure Copper Tongue Scraper, Gift Card
PLUMP + RENEW hyaluronic acid serum, RESTORE + REPAIR barrier cream, THE SIGNATURE MINIS, DOUBLE CLEANSE DUO, BARRIER BOUNCE DUO, ULTRA HYDRATING SET, HANNAH'S ROUTINE, Spring Reset System, PREP + ILLUMINATE gel moisturizer
ANUA Niacinamide 10% + TXA 4% Dark Spot Correcting Serum (30ml), PURITO Mighty Bamboo Panthenol Cream (100ml), SKIN1004 Madagascar Centella Ampoule, COSRX Advanced Snail 96 Mucin Power Essence (100ml), COSRX Acne Pimple Master Patch (24 Patches), COSRX Advanced Snail 92 All In One Cream (100g), ANUA Heartleaf 77% Soothing Toner (250ml), KIKUMASAMUNE Japanese Sake Lotion (500ml), Beauty of Joseon Dynasty Cream, Beauty of Joseon Glow Serum: Propolis & Niacinamide (30ml), Shiseido Fino Premium Touch Hair Mask (230g), Shiseido Tsubaki Premium EX Repair Hair Mask (180g), &honey Deep Moist Shampoo 1.0 (450g), Shiseido Fino Premium Touch Moist Shampoo (550ml), Shiseido Tsubaki Premium Moist & Repair Shampoo & Conditioner Set (2x450ml), Shiseido Tsubaki Premium Volume & Repair Shampoo & Conditioner Set (2x450ml), NIDA Youthful Formula™ Ultimate Moisturizing Cream (100ml), NIDA Revive Eye Cream For Face And Neck (40ml), NIDA Centella Hydrating Serum (50ml), NIDA Peptide Propolis Renewal Serum (50ml)
Purifying Cleanser, Revitalizing Essence, Illuminating Serum, Ultra Hydrating Cream
Clear Coat Body SPF 50, Clear Coat Crème SPF 30, Clear Coat Face SPF 50, Clear Coat Lip Balm SPF 15, Complete Protection Set - Face + Body + Lip + Creme, Daily Duo - Face + Lip, Face + Body Routine - Head-to-Toe Clear SPF Set
not found
GROWING SEASON - BURDOCK HAIR GROWTH OIL, THE MERMAID BUNDLE, ONE OF A KIND BUNDLE, GROWING SEASON - NOURISH & REPAIR TRIO, THE MERMAID BRUSH - ESSENTIAL BOAR BRISTLE BRUSH, THE MERMAID BRUSH - WET DETANGLING BRUSH, GROWING SEASON - DERMA ROLLER, BUR BUR GROWING SEASON - NOURISHING SHAMPOO, BUR BUR GROWING SEASON – NOURISHING CONDITIONER, GROWING SEASON – NOURISHING DUO, BUR BUR GROWING SEASON – DEEP REPAIR MASK, THE MERMAID MINI BRUSH - ESSENTIAL BOAR BRISTLE BRUSH, THE MERMAID MINI BRUSH - WET DETANGLING BRUSH, GROWING SEASON - 3 PACK, GROWING SEASON - DERMA ROLLER BUNDLE, FULL SIZE GROWING SEASON DEEP REPAIR MASK (Your Gift With Purchase)
Seed Cycle Capsules Bundle, Two Moons Gift Card
CLEAN CLEANSER | CLEANSING GEL, ACTIVE PRO SERUM | ANTI-AGING, LAVISH CREAM | RICH HYDRATION, CE SERUM | COMPLEXION BRIGHTENING, HYDRATING CREAM | BARRIER SUPPORT, HYALURONIC SKIN SERUM | PLUMPING HYDRATION, DERMALROLL, CLEAN CLEANSER x 3 BUNDLE, LAVISH CREAM x 3 BUNDLE, CE SERUM x 3 BUNDLE, HYALURONIC SKIN SERUM x 3 BUNDLE, HYDRATING CREAM x 3 BUNDLE, ACTIVE PRO SERUM x 3 BUNDLE, MICRO INFUSION SET, CLEAN + CORRECT SET, SERUM SET, MOISTURIZER SET
not found
Wrinkle Relaxers, Fillers, Lip Augmentation, Cheekbone Contour, Chin Augmentation, Jawline Enhancement, Non-surgical Rhinoplasty, Tear Trough Under-Eye Treatment, Double Chin Reduction, Kybella, Biostimulating Fillers, PDO Threads, V-beam Laser, Mole & Skin Tag Removal, Acne Scar Reduction, Aquagold Finetouch Microchannel Facials, Scar Improvement, Fractional CO2 Laser Skin Resurfacing, Profound Skin Tightening, CO₂RE Intima Vaginal Laser
Vitamin D3-K2 60 Capsules PH, Active B Complex PH, Magnesium Malate PH, IQ Max 30 Softgels PH, Camu Camu 120 Capsules PH, Magnesium Complete, 4 Sleep, Curcumin 95% by Dr. Connealy
Face Sculpting Serum, No More Crepey Skin Cream, Wrinkle Freeze Serum, Eye/Hand Repair Serum, Night Barrier Repair Cream, Regenerative Cleanser, Supreme Moisturizer+ Serum, Botanical Beauty Bag, eGift Cards
not found
undefined
undefined
not found
not found
32oz Collagen Peptides,16oz Collagen Peptides,Beef Gelatin,16oz Sustainable Marine Collagen Peptides,Beauty Boost Advanced Collagen Peptides,10oz Collagen Peptides,6ct Flavored Collagen Peptide Variety Pack,20ct Collagen Peptides Stick Pack,12ct Flavored Collagen Peptide Variety Pack,20ct Daily Marine Collagen Peptides Stick Pack,4lb Collagen Peptides Bag,8lb Collagen Peptides
10-Flavor Variety Pack (10 Single Serving Stick Packs), Best-Seller Variety Pack, Protein Powder: Simply Vanilla (30 Serving Bag), Protein Powder: Brownie Batter (30 Serving Bag), Collagen + Beauty Blend: Unflavored (30 Servings), Protein Powder: White Chocolate Peppermint (30 Serving Bag), Protein Powder: Brownie Batter (20 Serving Bag), Protein Powder: Simply Vanilla (20 Serving Bag), Protein Powder: Chocolate Peanut Butter (20 Serving Bag), Protein Powder: Mint Chocolate Cookie (20 Serving Bag), Protein Powder: Toasted Marshmallow (20 Serving Bag), Protein Powder: Caramel Toffee (20 Serving Bag), Protein Powder: Cake Batter (20 Serving Bag), Protein Powder: Coconut Cream (20 Serving Bag), Protein Powder: Cookie Dough (12 Serving Bag), Clear Protein Powder: Variety Pack (8 Single Serving Packs), Clear Protein Powder: Strawberry Piña Colada (8 Single Serving Packs), Clear Protein Powder: Pink Burst (8 Single Serving Stick Packs), Clear Protein Powder: Sour Candy Watermelon (8 Single Serving Stick Packs), Clear Protein Powder: Pineapple Passion (20 Serving)
Goddess Greens & Superfoods - 53 Premium Organic Whole Food Plants - 30 servings, You've Gut This Prebiotic & Probiotic Fibre Powder, Glow & Flow Vegan Collagen Booster Powder- Juicy Berry Flavour, Hey Relax Magnesium Glycinate Powder - Available in 2 Flavours, Achy Achy Sore Muscles Bath Soak, Clean Plant Protein Powder - 28 servings - Stevia-free - Organic, Strong Like a Woman Creatine + D3 + Electrolytes, Just Plant Protein - 25 servings, Immune Warrior - Daily Immune Support
Critical Whey Protein, ABE Pre-Workout, Creatine Monohydrate - Unflavored, ABE Whey Iso Protein, ABE Pump - Zero-Stim Pre-Workout, Tang | AN Performance Hydration, Tang | Amino Fuel, ABE x Tang® Performance Pre-Workout Drink - Orange - 12 Pack, Fully Loaded Stack, Ultimate Performance Stack, GRIMEY STACK, Paddy's Picks, Just The Essentials, Creatine + Peptides, Creatine Monohydrate - Blue Razz, Tang | AN Performance Pre-Workout, AN Performance Pre-Workout, Chiquita | AN Performance Pre-Workout, Tang | AN Performance Zero-Caffeine Pre-Workout, Chiquita | AN Performance Zero-Caffeine Pre-Workout
CBD Softgels, 90 Count, Sleep Gummies, Regular Strength CBD Oil, Unflavored, Women's Multivitamin Gummies, Lion's Mane for Brain Health, CBD Softgels, 30 Count, CBD Softgels, 60 Count, Vegan CBD Capsules, 30 Count, Vegan CBD Capsules, 90 Count, Men's Multivitamin Gummies, Kid's Complete Multivitamin Gummies, Energy Boost Gummies, Recovery Gummies, Immune Boost Gummies, Vitamin D3 Gummies, A World of Calm Gummies, Better Sleep Gummies
Watermelon Sugar, Georgia Peach, Kiwi Guava, Strawberry Acai, Peach Mango, Passion Fruit Melon
Book Makeup Applications, Book A Tour With Our Nutritionists
Recreation THC Gummies, Nighttime Gummies, Dream CBD Oil Tincture, Gold Reserve Gummies, Original CBD Gummies, Micro Mints, Gold Reserve Oil Tincture, Calm CBD Oil Tincture, Clarity CBD Oil Tincture, Fire & Ice CBD Balm, CBD Cream, Original CBD Balm, Brain Boost Mushroom Gummies, Energy Gummies, Pet CBD Oil Tincture, CBD Pet Treats, Mellow Recreation THC Gummies, Hybrid Recreation THC Gummies, Uplift Recreation THC Gummies
T-Shirts – Red White and Blue, Master Class: Power Evolution 2.0, Master Class: Speed Training for Soccer, Master Class: Strength & Conditioning for Hockey
Rockin' Wellness Chocolate Cacao Nutritional Essentials Shake Mix, Mocha Cacao Nutritional Shake Mix - Rockin Wellness Daily Superfood & Coffee Blend, Vegan Vanilla Protein Powder - Rockin Wellness Smooth & Bloat-Free Shake Mix, Vegan Collagen Booster | Plant-Based Peptides for Skin & Joints, Organic Energy Greens Powder - Rockin Wellness Daily Superfood Mix, Rockin Wellness BlenderBottle® 28oz. BPA-Free Shaker Cup, Rockin Wellness Total Health Bundle - Chocolate Cacao, Vanilla Protein & Energy Greens, Rockin Wellness Glowing Youth Bundle - Chocolate Cacao Nutrition Shake and Vegan Collagen Revitaizer, ROCKIN WELLNESS ROCK STAR CACAO BUNDLE Chocolate Cacao Nutrition and Vanilla Protein Mixes, Rejuvenating Essentials Chocolate - Chocolate Nutrition, Vegan Vanilla Protein, Collagen Revitalizer, Rockin Wellness Rock Star Café Bundle - Mocha Nutrition and Vanilla Vegan Protein, Rockin Wellness Glowing Bundle - Mocha Nutrition Shake and Vegan Collagen, Rockin Wellness Strength and Power Bundle - Vegan Vanilla Protein Shake and Collagen, Rockin Wellness Power Rock Trio Bundle - Chocolate & Mocha Shakes + BlenderBottle, Rejuvenating Essentials Mocha - Mocha Nutrition, Vegan Vanilla Protein, Collagen Revitalizer, Rockin Wellness Get Fit Bundle – Mocha Shake, Vanilla Protein & Energy Greens, Rockin Wellness Strength and Power Bundle - Vegan Vanilla Protein and Collagen Blend
Stay Ready Fiber Capsules, Bum Balm
1 LITER, 20 OZ
CappyRoots Focus Gummies (Powered by MONTKUSH), True Daily 50mg Broad-Spectrum CBD, True Daily CBD Oil - 2000mg, True Vibe Delta-9 THC Gummies - Cherry Limeade, True Sleep Advanced Formula Broad-Spectrum CBN & CBD Softgels, True Sleep CBD Cream - 1000mg, True Sleep Full Spectrum CBN + CBD Sleep Gummies, True Daily Broad-Spectrum 50 mg CBD Softgels, CBD Pain Relief Roll-On, CBD Pain Relief Cream, CBD Muscle & Joint Salve, CBD Heat Relief Roll-On, USDA Organic CBD Body Dose - 600mg
Ache Erasing Anti-Stress Bath Treatment,Sads Smashing Anti-Stress Bath Treatment,Rage Squashing Anti-Stress Bath Treatment,Insomnia Ending Anti-Stress Bath Treatment,Anxiety Destroying Anti-Stress Bath Treatment,Panic Crushing Anti-Stress Bath Treatment,Stresscare Sampler 12-pack
undefined
Wellness Aid Capsules -
Lily CBD Daily Strength, Lily CBD Daily Strength Plus, Lily CBD Extra Strength, Lily CBD Oil Subscription
CBD Oil Extract 1500 mg - Lemon Flavor - 1 fl oz, CBD Oil Extract 250 mg - Mint Flavor - 0.5 fl oz, CBD Relief Gel 4 oz - Extra Strength
Inside Out Suncare Duo, Hydrating Sun Mist, PLE + Vitamin D Supplement, PLE + Vitamin D Supplement - Refill Pack
RUNNING, TRIATHLON, CYCLING, SWIMMING, TEAM 80/20, STRENGTH & MOBILITY, OBSTACLE COURSE, RACING WEIGHT, GOAL FOCUSED, MAINTENANCE, FREE PLANS, Level 2 80/20 plan, Level 3 80/20 Ironman 70.3 Plan, Norwegian Training Swim Plans, HYROX Run Training
not found
Nourish Eat Repeat by Adrianne Delgado
Sprout Bag Starter Kit, Double Jar Sprouting Starter Kit, Sulforaphane Superstar Kit, Single Jar Sprouting Starter Kit, Sampler Pack, Sproutman's® Sprout Bag
undefined
15' Growing Dome Greenhouse, 18' Growing Dome Greenhouse, 22' Growing Dome Greenhouse, 26' Growing Dome Greenhouse, 33' Growing Dome Greenhouse, 42' Growing Dome Greenhouse, Extra Temperature Controlled Vent, Extra Attic Fan, 115V Electric Fan, Solar Fans, Extra Door, Pollinator Window, Patco® Tape, Misting System, Vent Openers & Pistons, Greenhouse Fans, Aluminet™ Shade Cloth, Reflectix® Insulation, Pond Replacement Parts, Drip Edge Flashing
not found
not found
PEACH AURA Travel Spray, CHALET Travel Spray, HIGH TEA Travel Spray, CARNIVALE Travel Spray, CASABLANCA Travel Spray, CAROUSEL Travel Spray, CASINO Travel Spray, DARE Travel Spray
not found
undefined
"Gel-Cumulus 28 - Women's, Gel-Cumulus 28 - Men's, Superblast 3 - Unisex, Gel-Nimbus 28 - Women's, Novablast 5 - Men's, Endorphin Speed 5 - Women's, Endorphin Speed 5 - Men's, Endorphin Pro 5 - Women's, Endorphin Pro 5 - Men's, Endorphin Azura - Women's, ACG ""Solar Chase"" Shirt - Men's, ACG Dri-FIT Trail Running Tank Top - Women's, ACG Dri-FIT High-Waisted 4"" Trail Running Shorts - Women's, CRGTight Short 3.5'' - Women's, RDShort - Women's, RCDTShirt 2 - Women's, RDCRPSinglet 2 - Women's"
6-Week Bootcamp, Strong Woman Club, 30-day Shred, Melissa's Book, Apparel & Merch
Sleep + Repair Protein Blend
not found
Ohana All-Access, Ohana Online, Ice Bath 10-Pack, Gift Cards, 200 Hour Yoga Teacher Training, 56 Hour Barre Training, Meditation Course, Yoga FLOW + Evolutionary Kriya, 40-Minute Evolutionary Kriya Set, Yoga JOURNEY
AI Presets, SOS Wheel, Meditation, Daily Affirmations, Bedtime Stories, Healthy Recipes, U4RIA Music, Retreat, BreatheSync, PepTalk
The Happy Body: Self Mastery Workbook,The Happy Body Virtues: Daily Practices for the Modern Stoic,I Got This: The Art of Getting Grit,The Happy Body: Food For Your Soul,The Happy Body: Mastering Food Choices,The Happy Body: Mastering Exercise Choices,The Happy Body: Mastering Rest Choices,Sacred and Scared,Locket,The Happy Body Journal,The Happy Body Book,The Happy Body Exercise Videos
Nasal Stick, Variety 4pk, Mint, Tropical, Wintermint, Lavender, Spearmint
Ritual Serum, Every Tone SPF 30, Essential Moisturizer, Bioactive Mask, Regeneration Mist, Refining Cleanser, Renewal Set, Calming Cleanser, Awakening Eye Cream, Soothing Lip Balm
Organic Oral Care Starter Kit, The Pristine Protocol, Mouthwash, Toothpaste, Tooth Polish, Streakless Glass Cleaner, Flawless Floor Cleaner
Acclimate Face Mist
Progesterone, Testosterone, Bi-Est, Tri-Est, Dehydroepiandronterone, DHEA, Dry Sockets, Dry Mouth, Burning Mouth Syndrome, Hemostatic, Oral Lichen Planus, Mouth Ulcers, Root Canal, Halitosis, Teeth Whitening, Periodontal Treatment, Temporomandibular Joint Disorder (TMJ), Angular Chelitis / Angular Chelosis, Anesthetic, Anesthetic (Non-Caine)
Novashine LED Teeth Whitening Kit, Mint Teeth Whitening Gel, Limited Edition Watermelon Teeth Whitening Gel, Limited Edition Strawberry Teeth Whitening Gel, Whitening Gel Bundle, Novashine Teeth Whitening Pen, LED Teeth Whitening Kit for Men, Sonic Toothbrush
Swishable™ Liquid Mouthwash – Clean, Conscious, Convenient
not found
CBD RUBS, PURE CBD GUMMIES, CBD SLEEP GUMMIES, CBD Rubs (3 Pack), LoHi Drops, CBD Sleep Vape, Sleep Tincture, LoHi Gummies, CBD Energy Gummies
undefined
Traditional Party Patch, 'Til Death Do Us Party, Mr. & Mrs., Bride Squad, Team Bride, Grooms Drinking Team, Bachelorette Party, Bride Tribe, Bride & Boujee, Happy Anniversary, Happy Birthday, 30th Birthday Party, 40th Birthday Party, 50th Birthday Party, 60th Birthday Party, 250 Years of Freedom, Ben Drankin, Star Spangled Hammered, Trump Patch, Nauti but Nice
Premium Full set, Velvet Mink, Velvet Mink Cat's eye, Doll eye Velvet, Classic Wet look, Double 2D, Hybrid, Hybrid Wispy, Full 3D, Full 3D Wispy, Full 4D5D, Party look, Bottom lash, Flare lash, Removal, LED no glue lash, Elleebana lash lift, Elleebana lash lift tint, Elleebana bottom lash perm, Brow lamination
undefined
Glitz & Glam Lip Gloss,SkinSilk Wet/Dry Powder,Sheer Lip & Cheek Doll Pencil,Highlighter Pencil,Sweet Face Trio Powder,SkinSilk Loose Powder,Micronized Pressed Powder,Fineline Eye Pencil,Single Eyeshadows,Eye Pencil,Eyeshadow Duo,Brow 101,Universal Eyelid Primer,Eyeshadow Trio
undefined
undefined
not found
Prada Light Glowing Lip Oil Stick, Prada Light Glowing Lipcolor
KISSABLE, WATERPROOF VELVET SMOOTH EYELINER PENCIL, LIP VENEER CREAM GLOSS, HD FOUNDATION, FIX IT UP MATTE SETTING SPRAY, VOLUME & LENGTH MASCARA, POWDER CONTOUR PALETTE, BE BRIGHT LIQUID CONCEALER, MINI FIX IT UP SETTING SPRAY TRIO, MAUVE KISSABLE LIP SET, HYDRATING PREP + SET BUNDLE, STROBE LIGHT TRIO, BEST SELLING BRUSH SET, RED KISSABLE LIP SET, DEEP KISSABLE LIP SET, EYE BRUSH SET, MISTIX SETTING SPRAY, SET & FORGET LONG LASTING MAKEUP SPRAY, AFTER MATH POST MAKEUP SPRAY, GET READY MAKEUP PRIMING SPRAY, REFRESH HYDRATING SETTING SPRAY, SOOTHING MICELLAR CLEANSING WIPES, AQUA MICELLAR CLEANSING FOAM, AQUA MICELLAR CLEANSING WATER, PURIFYING PROBIOTIC CLEANSING OIL, SOOTHING MAKEUP REMOVING CLEANSING PADS, PURIFYING GALACTOMYCES SERUM TONER, SKIN REFRESH DAY CREAM, PURIFYING PROBIOTIC CLEANSING GEL, PURIFYING PROBIOTIC CLEANSING FOAM, SKIN REFRESH NIGHT CREAM, RETINOL 2% + BIOTIN SERUM, VITAMIN C SERUM, TIGER GRASS EXTRACT SERUM, SNAIL SECRETION FILTRATE 82% SERUM, RETINOL 2% + NIACINAMIDE SERUM, VITAMIN B12 SERUM, HYALURONIC ACID 2% + PRO-VITAMIN B5 SERUM, PINE BARK EXTRACT + PROBIOTICS SERUM, RETINOL 0.5% + JOJOBA OIL + TEA TREE OIL SERUM, PEPTIDE + PROBIOTICS SERUM, HYALURONIC ACID 2% + MIDDLE MOLECULAR WEIGHT SERUM, ROSE HIP SEED OIL 100% SERUM, NIACINAMIDE 10% SERUM, RETINOL 0.5% + CAMELLIA JAPONICA SEED OIL + JOJOBA OIL SERUM
24HR Waterproof Eyeliner, Cloudtint Lip Gloss Stain, Volumizing Tubing Mascara, Dreamstick Cream Blush, Mini Eyeliner Kit, The Sharpener, Cloudtint Lip Gloss Stain Trio, Dreamstick Cream Bronzer, Daymask Peptide Lip Balm
undefined
undefined
The Lip Lock Liner, The Foundation Stick, The Cream Blush, The Ultra-Hydrating Liquid Lipstick, The Bronzer, The Contour Stick, Foundation + Blush Duo, The Foundation + Brush Set, The Lip Duo, The Bronze + Sculpt Bundle, The Complexion Brush, The Sculpt + Buff Brush, The Blush Bundle, Mini Blush
Start With The Slay Mini Primer,Tesoro Sagrado Mini Mascara,Done With The Slay Makeup Remover,Prados Baddie Valentine Sticker,Tesoro Sagrado, Sacred Treasure 2.0 Mini,Tesoro Sagrado, Sacred Treasure Sagrado Mini,Tesoro Sagrado, Sacred Treasure Rah Azul Mini,Tesoro Sagrado, Sacred Treasure Matriarch Mini,Tesoro Sagrado, Sacred Treasure Collection Bundle,The Gris Luxe Brush Set 🩶,Prados x Kira Murillo Water-Activated Liner Palette,WAR PAINT: For the New Warriors- Limited Edition,Obsidian Artistry Brush Set (12-Piece) + Makeup Bag,🪶Cece Meadows Icon Sticker 2026 ✨,Prados x Steven Paul Judd Matriarch Eyeshadow Palette,After Hours (Black) Mascara,Melanin Poppin Mascara (Brown),Prados x Rah Azul Indigena Guerrera 18 Pan Eyeshadow Palette,Prados x Rah Azul Indigena Guerrera 2 Pan Niña Del Sol Brontour Palette,Prados x Steven Paul Judd OG Eyeshadow Palette
undefined
Posh Gloss, Satin Kajal Liner, Posh Lip, Travel Eau De Parfum, Eye Wardrobe, Colour Wash, Posh Balm, The Foundation Drops with TFC8®, Travel Size Daily Cleansing Protocol, Contour Stylus, Vast Lash Mascara, The Concealer Pen with TFC8®, The Cell Rejuvenating Illuminator, Cell Rejuvenating Power Serum with TFC8®, Portofino '97, Reflect Highlighter Stick, Lip Definer, Gift Set: Suite 302 Eau de Parfum + Hand Cream, Buffer Brush, EyeWear, Flat Complexion Brush
DRY/MATURE SKIN ROUTINE,BARRIER REPAIR SERUM - PLANT RETINOL + C,HYPERPIGMENTATION ROUTINE,(NMN) NICOTINAMIDE MONONUCLEOTIDE CAPSULES,SENSITIVE SKIN ROUTINE,SPF 50 FLEX-PERFECTING™ MINERAL DROPS TINTED SUNSCREEN,MUHKA BOTANICAL CLEANSER,NOURISHING OIL CLEANSER,HYDRATING MILK CLEANSER,TINTED SUNSCREEN SPF 30 WITH 18% NON-NANO ZINC OXIDE,ESTRO SKIN SUPPORT SERUM FOR MENOPAUSAL SKIN,HOLI (MANE) HAIR SKIN NAILS SUPPLEMENT COLLAGEN,CREATINE MONOHYDRATE,VAYU ILLUMINATING TONING MIST,OMEGA 3 FISH OIL CAPSULES,WHITE TEA PHYTO-RETINOL ELIXIR,HOLI (WATER) PEARL AND ROSE HYALURONIC ESSENCE
not found
undefined
not found
undefined
undefined
undefined
PINEAPPLE HONEY FACIAL